<page title>,battery,dimensions wxdxh,display,dockable,environmental standards,graphics,memory,networking,operating system,optical drive,processor,product description,product type,security,storage,weight,category,chipset,dimensions wd,hard drive,height,price as reviewed starting price,screen size diagonal,system weight weight with ac adapter,wireless broadband wwan,colour,localisation,manufacturer warranty,mechanical design,microsoft office preloaded,keyboard,camera,hdd,model,os,warranty,wireless,system type,included service,color,cpu,lan,graphic card,hard disk,ram memory,dimensions
Other Laptops & Notebooks - Lenovo ThinkPad T540p 20BE | 20BE006VZA for sale in Johannesburg (ID:151262020),6-cell - up to 6.2 hours,37.66 cm x 24.81 cm x 2.95 cm,15.6 '' LED backlight 1920 x 1080 / Full HD,Yes,ENERGY STAR Qualified,NVIDIA GeForce GT 730M / Intel HD Graphics 4600 - 1 GB,8 GB DDR3L,"802.11n , Gigabit Ethernet",Windows 8.1 Pro 64-bit,DVD-Writer,Intel Core i7 ( 4th Gen ) 4700MQ / 2.4 GHz ( 3.4 GHz ) / 6 MB Cache,Lenovo ThinkPad T540p 20BE - 15.6 '' - Core i7 4700MQ - Windows 8.1 Pro 64-bit - 8 GB RAM - 1 TB HDD,Notebook,"Trusted Platform Module ( TPM 1.2 ) Security Chip , fingerprint reader",1 TB HDD / 5400 rpm,2.46 kg,,,,,,,,,,,,,,,,,,,,,,,,,,,,,,
"IBM, Lenovo - Lenovo ThinkPad X201 3626 /COREI5/4GIG DDR/320GIG HDD/12.1""LED was listed for R4,000.00 on 23 Oct at 09:46 by ttechsmart in Pretoria / Tshwane (ID:161699249)",,,,,,Intel Media Accelerator HD ( integrated ),"4GB , 1066MHz DDR2",,Windows 7 Home Premium ( 64-bit ),,2.53GHz Intel Core i5 M540,,,,,,Ultraportable,Intel HM55,11.6 x 10.1 inches,"320GB 7,200rpm",1.3 inches,"$ 1,464 / $ 1,999",12.1 inches,3.8 / 4.5 pounds,,,,,,,,,,,,,,,,,,,,,,
Other Laptops & Notebooks - Lenovo ThinkPad X240 20AM | 20AL00A4ZA for sale in Johannesburg (ID:149015398),3-cell,30.55 cm x 20.85 cm x 1.99 cm,12.5 '' LED backlight 1366 x 768 / HD,Yes,ENERGY STAR Qualified,Intel HD Graphics 4400,4 GB DDR3L,"802.11n , Gigabit Ethernet",Windows 8.1 Pro 64-bit,No optical drive,Intel Core i7 ( 4th Gen ) 4600U / 2.1 GHz ( 3.3 GHz ) / 4 MB Cache,Lenovo ThinkPad X240 20AL - 12.5 '' - Core i7 4600U - Windows 8.1 Pro 64-bit - 4 GB RAM - 500 GB HDD,Notebook,"Trusted Platform Module ( TPM 1.2 ) Security Chip , fingerprint reader",500 GB HDD / 7200 rpm,1.31 kg,,,,,,,,,WWAN upgradable,,,,,,,,,,,,,,,,,,,,,
Other Laptops & Notebooks - HP ProBook 450 G2 | J4S11EA for sale in Johannesburg (ID:162050220),4-cell - up to 9.25 hours,37.5 cm x 26.28 cm x 2.55 cm,15.6 '' LED backlight 1366 x 768 / HD,,ENERGY STAR Qualified,Intel HD Graphics 4400,4 GB DDR3L,"802.11n , Bluetooth 4.0 , Gigabit Ethernet",Windows 7 Pro 64-bit / Windows 8.1 Pro downgrade - pre-installed : Windows 7,DVD SuperMulti,Intel Core i5 ( 4th Gen ) 4210U / 1.7 GHz ( 2.7 GHz ) / 3 MB Cache,HP ProBook 450 G2 - 15.6 '' - Core i5 4210U - Windows 7 Pro 64-bit / Windows 8.1 Pro downgrade - 4 GB RAM - 750 GB HDD - with HP Basic Carrying Case,Notebook,"Trusted Platform Module ( TPM 1.2 ) Security Chip , fingerprint reader",750 GB HDD / 5400 rpm,2.26 kg,,,,,,,,,3G - no service included,,,,,,,,,,,,,,,,,,,,,
"Other Laptops & Notebooks - Lenovo ThinkPad T440s 20AQ | 20AQ003NZA was listed for R16,018.80 on 31 Oct at 00:52 by FirstShop in Johannesburg (ID:158050382)",3-cell,33.1 cm x 22.6 cm x 2.065 cm,14 '' LED backlight 1600 x 900 / HD+,Yes,ENERGY STAR Qualified,Intel HD Graphics 4400,4 GB DDR3,"802.11n , Gigabit Ethernet",Windows 8 Pro 64-bit,No optical drive,Intel Core i5 ( 4th Gen ) 4200U / 1.6 GHz ( 2.6 GHz ) / 3 MB Cache,Lenovo ThinkPad T440s 20AQ - 14 '' - Core i5 4200U - Windows 8 Pro 64-bit - 4 GB RAM - 500 GB HDD,Notebook,"Trusted Platform Module ( TPM 1.2 ) Security Chip , fingerprint reader",500 GB HDD / 7200 rpm,1.59 kg,,,,,,,,,WWAN upgradable,,,,,,,,,,,,,,,,,,,,,
Other Laptops & Notebooks - Lenovo ThinkPad T540p 20BE | 20BE0014ZA for sale in Johannesburg (ID:147826843),6-cell - up to 6.2 hours,37.66 cm x 24.81 cm x 2.95 cm,15.6 '' LED backlight 1920 x 1080 / Full HD,Yes,"ENERGY STAR Qualified , EPEAT Gold",NVIDIA GeForce GT 730M / Intel HD Graphics 4600 - 1 GB,4 GB DDR3L,"802.11n , Bluetooth 4.0 , Gigabit Ethernet",Windows 8 Pro 64-bit,DVD-Writer,Intel Core i5 ( 4th Gen ) 4300M / 2.6 GHz ( 3.3 GHz ) / 3 MB Cache,Lenovo ThinkPad T540p 20BE - 15.6 '' - Core i5 4300M - Windows 8 Pro 64-bit - 4 GB RAM - 500 GB HDD,Notebook,"Trusted Platform Module ( TPM 1.2 ) Security Chip , fingerprint reader",500 GB HDD / 7200 rpm,2.46 kg,,,,,,,,,WWAN upgradable,,,,,,,,,,,,,,,,,,,,,
Other Laptops & Notebooks - HP EliteBook Folio 1040 | H5F66EA for sale in Johannesburg (ID:157704242),6-cell,33.8 cm x 23.35 cm x 1.59 cm,14 '' LED backlight Full HD UWVA eDP anti-glare 1920 x 1080 / Full HD,Yes,"ENERGY STAR Qualified , EPEAT Gold",Intel HD Graphics 4400,8 GB DDR3L,"802.11n , Bluetooth 4.0 EDR , Gigabit Ethernet",Windows 7 Pro 64-bit / Windows 8.1 Pro downgrade - pre-installed : Windows 7,No optical drive,Intel Core i7 ( 4th Gen ) 4600U / 2.1 GHz ( 3.3 GHz ) / 4 MB Cache,HP EliteBook Folio 1040 G1 - 14 '' - Core i7 4600U - Windows 7 Pro 64-bit / Windows 8.1 Pro downgrade - 8 GB RAM - 256 GB SSD,Ultrabook,"Trusted Platform Module ( TPM 1.2 ) Security Chip , fingerprint reader , SmartCard reader",256 GB SSD,1.49 kg,,,,,,,,,4G,Platinum,Portuguese / Portugal,3 years warranty,,,,,,,,,,,,,,,,,,
Other Laptops & Notebooks - Lenovo ThinkPad E440 20C5 | 20C5009PZA for sale in Johannesburg (ID:151262014),6-cell,34.4 cm x 23.9 cm x 2.93 cm,14 '' LED backlight 1366 x 768 / HD,Yes,ENERGY STAR Qualified,Intel HD Graphics 4600,4 GB DDR3L,"802.11n , Gigabit Ethernet",Windows 8.1 64-bit,DVD-Writer,Intel Core i3 ( 4th Gen ) 4000M / 2.4 GHz / 3 MB Cache,Lenovo ThinkPad E440 20C5 - 14 '' - Core i3 4000M - Windows 8.1 64-bit - 4 GB RAM - 500 GB HDD,Notebook,"Trusted Platform Module ( TPM 1.2 ) Security Chip , fingerprint reader",500 GB HDD / 7200 rpm,2.13 kg,,,,,,,,,WWAN,,,,,,,,,,,,,,,,,,,,,
Other Laptops & Notebooks - Lenovo ThinkPad Yoga 20CD | 20CD00DLZA for sale in Johannesburg (ID:161481336),8-cell - up to 7 hours,31.6 cm x 22.1 cm x 1.88 cm,12.5 '' LED backlight touchscreen 1920 x 1080 / Full HD,,ENERGY STAR Qualified,Intel HD Graphics 4400,8 GB DDR3L,"802.11n , Bluetooth 4.0",Windows 8.1 Pro 64-bit,No optical drive,Intel Core i5 ( 4th Gen ) 4210U / 1.7 GHz ( 2.7 GHz ) / 3 MB Cache,Lenovo ThinkPad Yoga 20CD - 12.5 '' - Core i5 4210U - Windows 8.1 Pro 64-bit - 8 GB RAM - 256 GB SSD,Ultrabook,Trusted Platform Module ( TPM 1.2 ) Security Chip,256 GB SSD,1.57 kg,,,,,,,,,,Black,,,360 degree flip design,,,,,,,,,,,,,,,,,
Other Laptops & Notebooks - Dell Latitude E6440 - Core | CA012LE64408WEREM for sale in Johannesburg (ID:162342759),6-cell,33.8 cm x 23.26 cm x 3.18 cm,14 '' LED backlight 1600 x 900 / HD+,Yes,ENERGY STAR Qualified,AMD Radeon HD 8690M - 2 GB GDDR5,8 GB DDR3L,"802.11n , Bluetooth 4.0 LE , Gigabit Ethernet",Windows 7 Pro ( 32/64 bits ),DVD-Writer,Intel Core i5 ( 4th Gen ) 4300M / 2.6 GHz ( 3.3 GHz ) / 3 MB Cache,Dell Latitude E6440 - 14 '' - Core i5 4300M - Windows 7 Pro ( 32/64 bits ) - 8 GB RAM - 500 GB Hybrid Drive,Notebook,,500 GB Hybrid Drive,2.12 kg,,,,,,,,,,,,3 years warranty,,,,,,,,,,,,,,,,,,
Other Laptops & Notebooks - HP Envy 6-1051si | B8F89EA for sale in Johannesburg (ID:137911061),4-cell,37.4 cm x 25.28 cm x 1.98 cm,15.6 '' LED backlight 1366 x 768 / HD,,,AMD Radeon HD 7670M - 2 GB DDR3,4 GB DDR3,"Bluetooth , 802.11n , Gigabit Ethernet",Windows 7 Home Premium 64-bit,No optical drive,Intel Core i5 ( 3rd Gen ) 3317U / 1.7 GHz ( 2.6 GHz ) / 3 MB Cache,HP Envy 6-1051si - 15.6 '' - Core i5 3317U - Windows 7 Home Premium 64-bit - 4 GB RAM - 500 GB HDD,Ultrabook,,500 GB HDD / 5400 rpm,2.15 kg,,,,,,,,,,"Midnight black , metal finish",,1 year warranty,,Includes a pre-loaded image of select Microsoft Office 2010 suites . Purchase an Office 2010 Product Key Card or disc to activate preloaded software on this PC .,,,,,,,,,,,,,,,,
Other Laptops & Notebooks - Lenovo ThinkPad T540p 20BE | 20BE007JZA for sale in Johannesburg (ID:151262016),6-cell - up to 7 hours,37.66 cm x 24.81 cm x 3.39 cm,15.6 '' LED backlight 1366 x 768 / HD,Yes,ENERGY STAR Qualified,Intel HD Graphics 4600,4 GB DDR3L,"802.11n , Gigabit Ethernet",Windows 8.1 Pro 64-bit,DVD-Writer,Intel Core i5 ( 4th Gen ) 4200M / 2.5 GHz ( 3.1 GHz ) / 3 MB Cache,Lenovo ThinkPad T540p 20BE - 15.6 '' - Core i5 4200M - Windows 8.1 Pro 64-bit - 4 GB RAM - 500 GB HDD,Notebook,"Trusted Platform Module ( TPM 1.2 ) Security Chip , fingerprint reader",500 GB HDD / 7200 rpm,2.41 kg,,,,,,,,,WWAN upgradable,,,,,,,,,,,,,,,,,,,,,
Other Laptops & Notebooks - Lenovo ThinkPad Edge E540 | 20C6003KZA for sale in Johannesburg (ID:161481444),6-cell,37.7 cm x 25 cm x 2.96 cm,15.6 '' LED backlight 1366 x 768 / HD,,"ENERGY STAR Qualified , EPEAT Gold",NVIDIA GeForce GT 740M / Intel HD Graphics 4600 - 2 GB,8 GB DDR3L,"802.11n , Bluetooth 4.0 , Gigabit Ethernet",Windows 8 Pro 64-bit,DVD-Writer,Intel Core i7 ( 4th Gen ) 4702MQ / 2.2 GHz ( 3.2 GHz ) / 6 MB Cache,Lenovo ThinkPad E540 20C6 - 15.6 '' - Core i7 4702MQ - Windows 8 Pro 64-bit - 8 GB RAM - 1 TB HDD,Notebook,Fingerprint reader,1 TB HDD / 5400 rpm,2.46 kg,,,,,,,,,,,,,,,,,,,,,,,,,,,,,,
"Other Laptops & Notebooks - Acer Aspire S7 Notebook was listed for R14,999.00 on 23 Oct at 02:46 by Livdigital in Johannesburg (ID:162916060)",,,,,,,,,Windows 8 Single Language Windows 8 Single Language,,,,,,,,,,,,12.2 mm,,,,,,,,,,Yes,,,,,,,,,,,,,,,
"Other Laptops & Notebooks - Lenovo ThinkPad Edge E531 | N4IE2ZA was listed for R7,863.01 on 30 Oct at 00:53 by FirstShop in Johannesburg (ID:149120024)",6-cell,37.7 cm x 25 cm x 2.96 cm,15.6 '' LED backlight 1366 x 768 / HD,Yes,ENERGY STAR Qualified,Intel HD Graphics 4000,4 GB DDR3,"802.11n , Bluetooth 4.0 , Gigabit Ethernet",Windows 8 Pro 64-bit,DVD-Writer,Intel Core i5 ( 3rd Gen ) 3320M / 2.6 GHz ( 3.3 GHz ) / 3 MB Cache,Lenovo ThinkPad Edge E531 6885 - 15.6 '' - Core i5 3320M - Windows 8 Pro 64-bit - 4 GB RAM - 500 GB HDD,Notebook,,500 GB HDD / 7200 rpm,2.46 kg,,,,,,,,,,,,1 year warranty,,,,,,,,,,,,,,,,,,
Other Laptops & Notebooks - Lenovo ThinkPad Helix N3Z45ZA - I7 - Lenovo for sale in Johannesburg (ID:157342021),3 & 4 CELL,,,,,INTEGRATED,8 GB DDR3,,,No Optical,"Intel ? Core ? i7-3667U Processor ( 4M Cache , 2.00 GHz )",,,,,,,,,,,,,,,,,,,,,Yes,256GB SSD,Lenovo ThinkPad Helix,WIN 8 PRO 64,3 Year Carry-In,Intel 6205S AGN,,,,,,,,,
Other Laptops & Notebooks - Lenovo ThinkPad X240 20AM | 20AM001DZA for sale in Johannesburg (ID:137912200),3-cell,30.55 cm x 20.85 cm x 1.99 cm,12.5 '' LED backlight 1366 x 768 / HD,Yes,"ENERGY STAR Qualified , EPEAT Gold",Intel HD Graphics 4400,4 GB DDR3L,"Bluetooth 4.0 , 802.11ac , Gigabit Ethernet",Windows 8 Pro 64-bit,No optical drive,Intel Core i7 ( 4th Gen ) 4600U / 2.1 GHz ( 3.3 GHz ) / 4 MB Cache,Lenovo ThinkPad X240 20AM - 12.5 '' - Core i7 4600U - Windows 8 Pro 64-bit - 4 GB RAM - 500 GB HDD,Ultrabook,"Trusted Platform Module ( TPM 1.2 ) Security Chip , fingerprint reader",500 GB HDD / 7200 rpm + 16 GB SSD cache ( M.2 ),1.42 kg,,,,,,,,,3G/4G upgradable,,English / South Africa,3 years warranty,,,,,,,,,,,,,,,,,,
Other Laptops & Notebooks - Lenovo ThinkPad T440 20B7 | 20B7S0CH0E for sale in Johannesburg (ID:158050506),3-cell,33.9 cm x 23.25 cm x 2.1 cm,14 '' LED backlight 1600 x 900 / HD+,Yes,"ENERGY STAR Qualified , EPEAT Gold",Intel HD Graphics 4400,8 GB DDR3L,"802.11n , Gigabit Ethernet",Windows 7 Pro 64-bit,No optical drive,Intel Core i5 ( 4th Gen ) 4300U / 1.9 GHz ( 2.9 GHz ) / 3 MB Cache,Lenovo ThinkPad T440 20B7 - 14 '' - Core i5 4300U - Windows 7 Pro 64-bit - 8 GB RAM - 180 GB SSD,Ultrabook,Trusted Platform Module ( TPM 1.2 ) Security Chip,180 GB SSD,1.81 kg,,,,,,,,,WWAN upgradable,,,,,,,,,,,,,,,,,,,,,
"Other Laptops & Notebooks - Dell Latitude 3440 - 14"" | CA001L34406EM was listed for R9,502.80 on 23 Oct at 01:04 by FirstShop in Johannesburg (ID:164555202)",4-cell,34.6 cm x 24.5 cm x 25 cm,14 '' WLED 1366 x 768 / HD,,Blue Angel,Intel HD Graphics 4400,4 GB DDR3L,"802.11n , Bluetooth 4.0 LE , Gigabit Ethernet",Windows 8 Pro 64-bit,DVD-Writer,Intel Core i3 ( 4th Gen ) 4010U / 1.7 GHz / 3 MB Cache,Dell Latitude 3440 - 14 '' - Core i3 4010U - Windows 8 Pro 64-bit - 4 GB RAM - 500 GB HDD,Notebook,,500 GB HDD / 5400 rpm,2 kg,,,,,,,,,,,,3 years warranty,,,,,,,,,,,,,,,,,,
"Other Laptops & Notebooks - Lenovo Flex 10 - 10.1"" | 59411936 for sale in Johannesburg (ID:161123892)",,27.3 cm x 18.85 cm,10.1 '' LED backlight touchscreen 1366 x 768 / HD,,,Intel HD Graphics,DDR3L,802.11n,,No optical drive,Intel,Lenovo Flex 10 - 10.1 '' - 500 GB HDD,,,500 GB HDD,,,,,,,,,,,,,,300 degree flip design,,,,,,,,,Notebook,,,,,,,,
"Other Laptops & Notebooks - Dell Latitude E5440 - Core | CA025LE54402EDBSAF was listed for R12,682.80 on 24 Oct at 01:06 by FirstShop in Johannesburg (ID:164555197)",6-cell,33.8 cm x 23.5 cm x 2.86 cm,14 '' LED backlight 1366 x 768 / HD,Yes,ENERGY STAR Qualified,Intel HD Graphics 4400,4 GB DDR3L,"Bluetooth 4.0 LE , 802.11ac , Gigabit Ethernet",Windows 7 Pro 64-bit,DVD-Writer,Intel Core i5 ( 4th Gen ) 4300U / 1.9 GHz ( 2.9 GHz ) / 3 MB Cache,Dell Latitude E5440 - 14 '' - Core i5 4300U - Windows 7 Pro 64-bit - 4 GB RAM - 500 GB Hybrid Drive,Notebook,Trusted Platform Module ( TPM ) Security Chip,500 GB Hybrid Drive / 5400 rpm + 8 GB SSD cache,2.4 kg,,,,,,,,,3G - no service included,,Afrikaans / South Africa,3 years warranty,,Includes a pre-loaded image of select Microsoft Office 2013 suites . Purchase an Office 2013 Product Key Card or disc to activate preloaded software on this PC .,,,,,,,,,3 Years Dell ProSupport,,,,,,,
"Other Laptops & Notebooks - Dell Latitude E5540 - 15.6"" | CA006LE55402EDBSAF for sale in Johannesburg (ID:161223861)",9-cell,37.9 cm x 25.05 cm x 2.97 cm,15.6 '' LED backlight 1920 x 1080 / Full HD,Yes,ENERGY STAR Qualified,NVIDIA GeForce GT 720M - 2 GB,8 GB DDR3L,"802.11n , Bluetooth 4.0 , Gigabit Ethernet",Windows 7 Pro 64-bit,DVD-Writer,Intel Core i7 ( 4th Gen ) 4600U / 2.1 GHz ( 3.3 GHz ) / 4 MB Cache,Dell Latitude E5540 - 15.6 '' - Core i7 4600U - Windows 7 Pro 64-bit - 8 GB RAM - 500 GB Hybrid Drive,Notebook,"Trusted Platform Module ( TPM ) Security Chip , fingerprint reader",500 GB Hybrid Drive + 8 GB SSD cache,2.6 kg,,,,,,,,,,,,3 years warranty,,,,,,,,,,,,,,,,,,
"Other Laptops & Notebooks - Acer TravelMate - 15.6"" - Core | NX.V9GEA.001 was listed for R9,598.80 on 25 Oct at 01:03 by FirstShop in Johannesburg (ID:158050523)",4-cell - up to 4 hours,38.16 cm x 25.6 cm x 2.53 cm,15.6 '' LED backlight 1366 x 768 / HD - matt,,ENERGY STAR Qualified,Intel HD Graphics 4400,4 GB DDR3L,"Bluetooth , 802.11n , Gigabit Ethernet",Windows 7 Pro 64-bit,DVD SuperMulti,Intel Core i5 ( 4th Gen ) 4200U / 1.6 GHz ( 2.6 GHz ) / 3 MB Cache,Acer TravelMate P255-MG-54204G1TMnkk - 15.6 '' - Core i5 4200U - Windows 7 Pro 64-bit - 4 GB RAM - 1 TB HDD,Notebook,,1 TB HDD / 5400 rpm,2.35 kg,,,,,,,,,,Black,South Africa,,,,,,,,,,,,,,,,,,,
Other Laptops & Notebooks - HP EliteBook 850 G1 | H5G43EA for sale in Johannesburg (ID:160933073),3-cell - up to 15 hours,37.5 cm x 25.3 cm x 2.142 cm,15.6 '' LED backlight Full HD SVA eDP anti-glare 1920 x 1080 / Full HD,Yes,"ENERGY STAR Qualified , EPEAT Gold",Intel HD Graphics 4400,8 GB DDR3,"Bluetooth 4.0 HS , 802.11ac , Gigabit Ethernet",Windows 7 Pro 64-bit / 8 Pro downgrade - pre-installed : Windows 7,No optical drive,Intel Core i5 ( 4th Gen ) 4200U / 1.6 GHz ( 2.6 GHz ) / 3 MB Cache,HP EliteBook 850 G1 - 15.6 '' - Core i5 4200U - Windows 7 Pro 64-bit / 8 Pro downgrade - 8 GB RAM - 180 GB SSD,Notebook,"Trusted Platform Module ( TPM 1.2 ) Security Chip , fingerprint reader , SmartCard reader",180 GB SSD,1.88 kg,,,,,,,,,4G - no service included,,,,,,,,,,,,,,,,,,,,,
Other Laptops & Notebooks - TOSHIBA QOSMIO X870-F0086 - Toshiba for sale in Johannesburg (ID:157343874),,,17.3 '' FHD 3D Vision LED,,,nVidia GTX670 3GB,16GB DDR3,,,BluRay,,,,,,3.6kg,,,,,,,,,,,,,,,STD + NUM + Backlit,,1.75TB,X870-F0086,Win 8 SL,3 Years Onsite,WLAN+BT,,,Black + Red,i7-3630QM,10/ 100/ 1000,,,,
Other Laptops & Notebooks - Dell Latitude E5440 - Core | CA018LE54402EDBSAF for sale in Johannesburg (ID:153250682),6-cell,33.8 cm x 23.5 cm x 2.86 cm,14 '' WLED 1600 x 900 / HD+,Yes,ENERGY STAR Qualified,NVIDIA GeForce GT 720M - 2 GB GDDR3,4 GB DDR3L,"Bluetooth 4.0 LE , 802.11ac , Gigabit Ethernet",Windows 7 Pro 64-bit,DVD-Writer,Intel Core i7 ( 4th Gen ) 4600U / 2.1 GHz ( 3.3 GHz ) / 4 MB Cache,Dell Latitude E5440 - 14 '' - Core i7 4600U - Windows 7 Pro 64-bit - 4 GB RAM - 500 GB Hybrid Drive,Notebook,"Trusted Platform Module ( TPM ) Security Chip , fingerprint reader , SmartCard reader",500 GB Hybrid Drive / 5400 rpm + 8 GB SSD cache,2.4 kg,,,,,,,,,3G - no service included,,"Afrikaans / South Africa , Emerging Market",3 years warranty,,Includes a pre-loaded image of select Microsoft Office 2013 suites . Purchase an Office 2013 Product Key Card or disc to activate preloaded software on this PC .,,,,,,,,,3 Years Dell ProSupport,,,,,,,
Other Laptops & Notebooks - HP ZBook 17 Mobile | F0V54EA for sale in Johannesburg (ID:158157636),8-cell,41.6 cm x 27.2 cm x 3.4 cm,17.3 '' LED backlight Full HD UWVA anti-glare DreamColor 1920 x 1080 / Full HD,Yes,ENERGY STAR Qualified,NVIDIA Quadro K4100M - 4 GB GDDR5,8 GB DDR3L,"802.11n , Bluetooth 4.0 LE , Gigabit Ethernet",Windows 7 Pro 64-bit / 8 Pro downgrade - pre-installed : Windows 7,DVD SuperMulti / Blu-ray,Intel Core i7 ( 4th Gen ) 4700MQ / 2.4 GHz ( 3.4 GHz ) / 6 MB Cache,HP ZBook 17 Mobile Workstation - 17.3 '' - Core i7 4700MQ - Windows 7 Pro 64-bit / 8 Pro downgrade - 8 GB RAM - 750 GB HDD,Notebook,"Trusted Platform Module ( TPM 1.2 ) Security Chip , fingerprint reader , SmartCard reader",750 GB HDD / 7200 rpm,3.46 kg,,,,,,,,,,"Graphite , hematite",,,,,,,,,,,,,,,,,,,,
Other Laptops & Notebooks - HP ZBook 17 Mobile | F0V47EA for sale in Johannesburg (ID:158885465),8-cell,41.6 cm x 27.2 cm x 3.4 cm,17.3 '' LED backlight Full HD WVA anti-glare 1920 x 1080 / Full HD,Yes,ENERGY STAR Qualified,NVIDIA Quadro K610M - 1 GB GDDR5,4 GB DDR3L,"802.11n , Bluetooth 4.0 LE , Gigabit Ethernet",Windows 7 Pro 64-bit / 8 Pro downgrade - pre-installed : Windows 7,DVD SuperMulti,Intel Core i7 ( 4th Gen ) 4700MQ / 2.4 GHz ( 3.4 GHz ) / 6 MB Cache,HP ZBook 17 Mobile Workstation - 17.3 '' - Core i7 4700MQ - Windows 7 Pro 64-bit / 8 Pro downgrade - 4 GB RAM - 500 GB HDD,Notebook,"Trusted Platform Module ( TPM 1.2 ) Security Chip , fingerprint reader , SmartCard reader",500 GB HDD / 7200 rpm,3.46 kg,,,,,,,,,,"Graphite , hematite",,,,,,,,,,,,,,,,,,,,
"Other Laptops & Notebooks - Dell Latitude 3540 - 15.6"" | CA003L35406EM was listed for R11,518.80 on 23 Oct at 01:03 by FirstShop in Johannesburg (ID:162342779)",6-cell,37.6 cm x 25.9 cm x 3.13 cm,15.6 '' LED backlight 1920 x 1080 / Full HD,,ENERGY STAR Qualified,AMD Radeon HD 8850M - 2 GB GDDR5,4 GB DDR3L,"802.11n , Bluetooth 4.0 , Gigabit Ethernet",Windows 8.1 Pro 64-bit,DVD-Writer,Intel Core i5 ( 4th Gen ) 4210U / 1.7 GHz ( 2.7 GHz ) / 3 MB Cache,Dell Latitude 3540 - 15.6 '' - Core i5 4210U - Windows 8.1 Pro 64-bit - 4 GB RAM - 500 GB Hybrid Drive,Notebook,,500 GB Hybrid Drive ( 8 GB flash ),2.3 kg,,,,,,,,,,Black,,3 years warranty,,,,,,,,,,,,,,,,,,
Other Laptops & Notebooks - HP EliteBook 850 G1 | H5G34EA for sale in Johannesburg (ID:161123801),3-cell - up to 13 hours,37.5 cm x 25.3 cm x 2.142 cm,15.6 '' LED backlight Full HD SVA eDP anti-glare 1920 x 1080 / Full HD,Yes,"ENERGY STAR Qualified , EPEAT Gold",Intel HD Graphics 4400,4 GB DDR3L,"802.11n , Bluetooth 4.0 HS , Gigabit Ethernet",Windows 7 Pro 64-bit / 8 Pro downgrade - pre-installed : Windows 7,No optical drive,Intel Core i5 ( 4th Gen ) 4200U / 1.6 GHz ( 2.6 GHz ) / 3 MB Cache,HP EliteBook 850 G1 - 15.6 '' - Core i5 4200U - Windows 7 Pro 64-bit / 8 Pro downgrade - 4 GB RAM - 500 GB HDD,Notebook,"Trusted Platform Module ( TPM 1.2 ) Security Chip , fingerprint reader , SmartCard reader",500 GB HDD / 7200 rpm,1.88 kg,,,,,,,,,,,,,,,,,,,,,,,,,,,,,,
"IBM, Lenovo - LENOVO THINKPAD ULTRABOOK - T430 | CORE i5 2.6GHz | 8GIG RAM | 320GB HDD | LONGLIFE BATTERY | LAPTOP was listed for R4,995.00 on 21 Oct at 12:16 by TradeRouteAuctions in Johannesburg (ID:164515081)",,,,,,,,,Windows 7Â,,Intel Core i5 ~ 2.6Ghz,,,,,,,,,,,,,,,,,,,,,,,,,,,,,,,,INTEL HD GRAPHICS 1696 MB,320GBÂ,8 GB DDR3 1600 MHzÂ,
"IBM, Lenovo - Lenovo ThinkPad X201 3626 /COREI5/4GIG DDR/320GIG HDD/12.1""LED for sale in Pretoria / Tshwane (ID:164416111)",,,,,,Intel Media Accelerator HD ( integrated ),"4GB , 1066MHz DDR2",,Windows 7 Home Premium ( 64-bit ),,2.53GHz Intel Core i5 M540,,,,,,Ultraportable,Intel HM55,11.6 x 10.1 inches,"320GB 7,200rpm",1.3 inches,"$ 1,464 / $ 1,999",12.1 inches,3.8 / 4.5 pounds,,,,,,,,,,,,,,,,,,,,,,
"IBM, Lenovo - LENOVO THINKPAD ULTRABOOK - T430 | CORE i5 2.6GHz | 12 GIG RAM | 320GB HDD | LAPTOP was sold for R4,320.00 on 23 Oct at 11:16 by TradeRouteAuctions in Johannesburg (ID:162796788)",,,,,,,,,Windows 7,,Intel Core i5 ~ 2.6Ghz - 3320M,,,,,,,,,,,,,,,,,,,,,,,,,,,,,,,,INTEL HD GRAPHICS 1696 MB,320GB,12 GB DDR3 1600 MHz,
"Other Laptops & Notebooks - Acer Aspire V5-561-54204G50Maik - 15.6"" | NX.MK8EA.003 for sale in Johannesburg (ID:158733929)",4-cell,38.16 cm x 25.6 cm x 2.54 cm,15.6 '' LED backlight 1366 x 768 / HD,,,Intel HD Graphics 4400,4 GB DDR3L,"802.11n , Bluetooth 4.0 , Gigabit Ethernet",Windows 8.1 Single Language 64-bit,DVD SuperMulti,Intel Core i5 ( 4th Gen ) 4200U / 1.6 GHz ( 2.6 GHz ) / 3 MB Cache,Acer Aspire V5-561-54204G50Maik - 15.6 '' - Core i5 4200U - Windows 8.1 Single Language 64-bit - 4 GB RAM - 500 GB HDD,Notebook,,500 GB HDD,2.4 kg,,,,,,,,,,"Grey , black",South Africa,,,,,,,,,,,,,,,,,,,
Other Laptops & Notebooks - HP ProBook 470 G2 | G6W51EA for sale in Johannesburg (ID:164395963),6-cell,41.38 cm x 27.95 cm x 3.22 cm,17.3 '' LED backlight 1600 x 900 / HD+,,ENERGY STAR Qualified,AMD Radeon R5 M255 - 1 GB DDR3,4 GB DDR3L,"802.11n , Bluetooth 4.0 LE , Gigabit Ethernet",Windows 7 Pro 64-bit / Windows 8.1 Pro downgrade - pre-installed : Windows 7,DVD SuperMulti,Intel Core i3 ( 4th Gen ) 4030U / 1.9 GHz / 3 MB Cache,HP ProBook 470 G2 - 17.3 '' - Core i3 4030U - Windows 7 Pro 64-bit / Windows 8.1 Pro downgrade - 4 GB RAM - 500 GB HDD,Notebook,"Trusted Platform Module ( TPM 1.2 ) Security Chip , fingerprint reader",500 GB HDD / 5400 rpm,2.95 kg,,,,,,,,,,,,,,,,,,,,,,,,,,,,,,
Other Laptops & Notebooks - Lenovo ThinkPad T440s 20AQ | 20AQ006SZA for sale in Johannesburg (ID:150041486),3-cell,33.1 cm x 22.6 cm x 2.294 cm,14 '' LED backlight touchscreen 1920 x 1080 / Full HD,Yes,ENERGY STAR Qualified,Intel HD Graphics 4400,4 GB DDR3L,"802.11n , Gigabit Ethernet",Windows 8 Pro 64-bit,No optical drive,Intel Core i7 ( 4th Gen ) 4600U / 2.1 GHz ( 3.3 GHz ) / 4 MB Cache,Lenovo ThinkPad T440s 20AQ - 14 '' - Core i7 4600U - Windows 8 Pro 64-bit - 4 GB RAM - 1 TB HDD,Notebook,"Trusted Platform Module ( TPM 1.2 ) Security Chip , fingerprint reader",1 TB HDD / 5400 rpm,1.76 kg,,,,,,,,,WWAN upgradable,,,,,,,,,,,,,,,,,,,,,
Other Laptops & Notebooks - Acer TravelMate - Core i7 | NX.V8NEA.005 for sale in Johannesburg (ID:140135844),4-cell - up to 3.5 hours,38.16 cm x 25.6 cm x 2.54 cm,15.6 '' LED backlight ComfyView 1366 x 768 / HD - matt,,,AMD Radeon HD 8750M - 2 GB DDR3,8 GB DDR3L,"802.11n , Bluetooth 4.0 HS , Gigabit Ethernet",Windows 7 Pro 64-bit / 8 Pro 64-bit downgrade,DVD-Writer,Intel Core i7 ( 4th Gen ) 4500U / 1.8 GHz ( 3 GHz ) / 4 MB Cache,Acer TravelMate P455-MG - 15.6 '' - Core i7 4500U - Windows 7 Pro 64-bit / 8 Pro 64-bit downgrade - 8 GB RAM - 1 TB HDD,Notebook,Fingerprint reader,1 TB HDD,2.4 kg,,,,,,,,,,Black,,,,,,,,,,,,,,,,,,,,
Other Laptops & Notebooks - HP ProBook 650 G1 | H5G75EA for sale in Johannesburg (ID:162342769),6-cell,37.8 cm x 25.7 cm x 2.9 cm,15.6 '' LED backlight HD SVA eDP anti-glare 1366 x 768 / HD,Yes,"ENERGY STAR Qualified , EPEAT Gold",Intel HD Graphics 4600,4 GB DDR3L,"802.11n , Bluetooth 4.0 HS , Gigabit Ethernet",Windows 7 Pro 64-bit / 8 Pro downgrade - pre-installed : Windows 7,DVD SuperMulti,Intel Core i5 ( 4th Gen ) 4200M / 2.5 GHz ( 3.1 GHz ) / 3 MB Cache,HP ProBook 650 G1 - 15.6 '' - Core i5 4200M - Windows 7 Pro 64-bit / 8 Pro downgrade - 4 GB RAM - 500 GB HDD,Notebook,"Trusted Platform Module ( TPM 1.2 ) Security Chip , SmartCard reader",500 GB HDD / 7200 rpm,2.32 kg,,,,,,,,,,,,,,,,,,,,,,,,,,,,,,
Other Laptops & Notebooks - Lenovo ThinkPad X1 Carbon | 20A7000SZA for sale in Johannesburg (ID:149015481),8-cell - up to 9 hours,33.1 cm x 22.68 cm x 1.816 cm,14 '' LED backlight 1600 x 900 / HD+,,ENERGY STAR Qualified,Intel HD Graphics 4400,4 GB DDR3L,"802.11n , Bluetooth 4.0 , Gigabit Ethernet",Windows 8.1 Pro 64-bit,No optical drive,Intel Core i5 ( 4th Gen ) 4200U / 1.6 GHz ( 2.6 GHz ) / 3 MB Cache,Lenovo ThinkPad X1 Carbon 20A7 - 14 '' - Core i5 4200U - Windows 8.1 Pro 64-bit - 4 GB RAM - 256 GB SSD,Ultrabook,"Trusted Platform Module ( TPM 1.2 ) Security Chip , fingerprint reader",256 GB - M.2 SSD,1.34 kg,,,,,,,,,WWAN,,,,,,,,,,,,,,,,,,,,,
"Other Laptops & Notebooks - HP EliteBook 820 G1 | F1P74EA was listed for R18,282.10 on 23 Oct at 01:03 by FirstShop in Johannesburg (ID:164395892)",3-cell,31 cm x 21.53 cm x 2.1 cm,12.5 '' LED backlight 1366 x 768 / HD,Yes,ENERGY STAR Qualified,Intel HD Graphics 4400,8 GB DDR3L,"Bluetooth 4.0 HS , 802.11ac , Gigabit Ethernet",Windows 7 Pro 64-bit / Windows 8.1 Pro downgrade - pre-installed : Windows 7,No optical drive,Intel Core i7 ( 4th Gen ) 4500U / 1.8 GHz ( 3 GHz ) / 4 MB Cache,HP EliteBook 820 G1 - 12.5 '' - Core i7 4500U - Windows 7 Pro 64-bit / Windows 8.1 Pro downgrade - 8 GB RAM - 256 GB SSD,Notebook,"Trusted Platform Module ( TPM 1.2 ) Security Chip , fingerprint reader , SmartCard reader",256 GB SSD Self Encrypting Drive,1.33 kg,,,,,,,,,4G - no service included,,,,,,,,,,,,,,,,,,,,,
"Other Laptops & Notebooks - Dell Latitude E5540 - 15.6"" | CA001LE55402EMEA for sale in Johannesburg (ID:149015513)",6-cell,37.9 cm x 25.05 cm x 2.97 cm,15.6 '' LED backlight 1366 x 768 / HD,Yes,ENERGY STAR Qualified,Intel HD Graphics 4400,4 GB DDR3L,"802.11n , Gigabit Ethernet",Windows 7 Pro 64-bit,DVD-Writer,Intel Core i3 ( 4th Gen ) 4010U / 1.7 GHz / 3 MB Cache,Dell Latitude E5540 - 15.6 '' - Core i3 4010U - Windows 7 Pro 64-bit - 4 GB RAM - 500 GB HDD,Notebook,Trusted Platform Module ( TPM ) Security Chip,500 GB HDD / 5400 rpm,2.3 kg,,,,,,,,,,,Spanish,1 year warranty,,Includes a pre-loaded image of select Microsoft Office 2013 suites . Purchase an Office 2013 Product Key Card or disc to activate preloaded software on this PC .,,,,,,,,,,,,,,,,
"Other Laptops & Notebooks - Apple MacBook Pro - 13.3"" | MD101 was listed for R14,209.20 on 4 Nov at 00:44 by FirstShop in Johannesburg (ID:160541124)",Up to 7 hours,32.5 cm x 22.7 cm x 2.41 cm,13.3 '' LED backlight 1280 x 800 / WXGA,,"ENERGY STAR Qualified , EPEAT Gold",Intel HD Graphics 4000,4 GB DDR3,"802.11n , Bluetooth 4.0 , Gigabit Ethernet",OS X 10.9 Mavericks,DVD-Writer DL,Intel Core i5 2.5 GHz ( 3.1 GHz ) / 3 MB Cache,Apple MacBook Pro - 13.3 '' - Core i5 - OS X 10.9 Mavericks - 4 GB RAM - 500 GB HDD,Notebook,,500 GB HDD / 5400 rpm,2.06 kg,,,,,,,,,,,Italian / Italy,1 year warranty,,,,,,,,,,,,,,,,,,
Other Laptops & Notebooks - Lenovo ThinkPad X1 Carbon | 20A7001QZA for sale in Johannesburg (ID:147826949),8-cell - up to 9 hours,33.1 cm x 22.71 cm x 1.846 cm,14 '' LED backlight touchscreen 2560 x 1440 / WQHD,,"ENERGY STAR Qualified , EPEAT Gold",Intel HD Graphics 5000,8 GB DDR3L,"802.11n , Bluetooth 4.0 , Gigabit Ethernet",Windows 8.1 Pro 64-bit,No optical drive,Intel Core i7 ( 4th Gen ) 4550U / 1.5 GHz ( 3 GHz ) / 4 MB Cache,Lenovo ThinkPad X1 Carbon 20A7 - 14 '' - Core i7 4550U - Windows 8.1 Pro 64-bit - 8 GB RAM - 256 GB SSD,Ultrabook,"Trusted Platform Module ( TPM 1.2 ) Security Chip , fingerprint reader",256 GB - M.2 SSD,1.43 kg,,,,,,,,,WWAN,,,,,,,,,,,,,,,,,,,,,
"IBM, Lenovo - Lenovo ThinkPad X201 3626 /COREI5/4GIG DDR/320GIG HDD/12.1""LED for sale in Pretoria / Tshwane (ID:164418170)",,,,,,Intel Media Accelerator HD ( integrated ),"4GB , 1066MHz DDR2",,Windows 7 Home Premium ( 64-bit ),,2.53GHz Intel Core i5 M540,,,,,,Ultraportable,Intel HM55,11.6 x 10.1 inches,"320GB 7,200rpm",1.3 inches,"$ 1,464 / $ 1,999",12.1 inches,3.8 / 4.5 pounds,,,,,,,,,,,,,,,,,,,,,,
Other Laptops & Notebooks - Lenovo ThinkPad T440p 20AN | 20AN001WZA for sale in Johannesburg (ID:147826992),6-cell - up to 7.4 hours,33.5 cm x 22.91 cm x 2.995 cm,14 '' LED backlight 1600 x 900 / HD+,Yes,"ENERGY STAR Qualified , EPEAT Gold",NVIDIA GeForce GT 730M / Intel HD Graphics 4600 - 1 GB,4 GB DDR3L,"802.11n , Bluetooth 4.0 , Gigabit Ethernet",Windows 8 Pro 64-bit,,Intel Core i5 ( 4th Gen ) 4300M / 2.6 GHz ( 3.3 GHz ) / 3 MB Cache,Lenovo ThinkPad T440p 20AN - 14 '' - Core i5 4300M - Windows 8 Pro 64-bit - 4 GB RAM - 500 GB HDD,Notebook,"Trusted Platform Module ( TPM 1.2 ) Security Chip , fingerprint reader",500 GB HDD / 7200 rpm,2.16 kg,,,,,,,,,WWAN upgradable,,,,,,,,,,,,,,,,,,,,,
Other Laptops & Notebooks - Lenovo ThinkPad T440p 20AN | 20AN007WZA for sale in Johannesburg (ID:150041470),6-cell - up to 7.2 hours,33.5 cm x 22.91 cm x 2.995 cm,14 '' LED backlight 1366 x 768 / HD,Yes,ENERGY STAR Qualified,NVIDIA GeForce GT 730M / Intel HD Graphics 4600 - 1 GB,8 GB DDR3L,"802.11n , Bluetooth 4.0 , Gigabit Ethernet",Windows 8.1 Pro 64-bit,DVD-Writer,Intel Core i7 ( 4th Gen ) 4700MQ / 2.4 GHz ( 3.4 GHz ) / 6 MB Cache,Lenovo ThinkPad T440p 20AN - 14 '' - Core i7 4700MQ - Windows 8.1 Pro 64-bit - 8 GB RAM - 1 TB HDD,Notebook,"Trusted Platform Module ( TPM 1.2 ) Security Chip , fingerprint reader",1 TB HDD / 5400 rpm,2.16 kg,,,,,,,,,,,,,,,,,,,,,,,,,,,,,,
Other Laptops & Notebooks - TOSHIBA PORTEGE R930-F0251 - Toshiba for sale in Johannesburg (ID:157342227),,,13.3 '' Anti-Glare LED,,,Intel,4GB DDR3,,,N/A,,,,TPM / HDD Protection,,1.48kg,,,,,,,,,,,,,,,Spill Resistant STD,,500GB 5400RPM,R930-F0251,Win 8 Pro,3 Year Onsite / Free Bag,WLAN+ BT,,,Silver,i5-3210M ( HM chipset ),10/100 / 1000,,,,
Other Laptops & Notebooks - Lenovo ThinkPad T440 20B6 | 20B6001MZA for sale in Johannesburg (ID:144214971),3-cell,33.9 cm x 23.25 cm x 2.1 cm,14 '' LED backlight 1366 x 768 / HD,Yes,"ENERGY STAR Qualified , EPEAT Gold",Intel HD Graphics 4400,8 GB DDR3L,"802.11n , Bluetooth 4.0 , Gigabit Ethernet",Windows 8 Pro 64-bit,No optical drive,Intel Core i7 ( 4th Gen ) 4600U / 2.1 GHz ( 3.3 GHz ) / 4 MB Cache,Lenovo ThinkPad T440 20B6 - 14 '' - Core i7 4600U - Windows 8 Pro 64-bit - 8 GB RAM - 1 TB HDD,Notebook,"Trusted Platform Module ( TPM 1.2 ) Security Chip , fingerprint reader",1 TB HDD / 5400 rpm,2 kg,,,,,,,,,WWAN,,,,,,,,,,,,,,,,,,,,,
Other Laptops & Notebooks - HP ProBook 640 G1 | H5G65EA for sale in Johannesburg (ID:163781009),6-cell,34 cm x 23.7 cm x 2.9 cm,14 '' LED backlight HD SVA eDP anti-glare 1366 x 768 / HD,Yes,"ENERGY STAR Qualified , EPEAT Gold",Intel HD Graphics 4600,4 GB DDR3L,"802.11n , Bluetooth 4.0 HS , Gigabit Ethernet",Windows 7 Pro 64-bit / 8 Pro downgrade - pre-installed : Windows 7,DVD SuperMulti,Intel Core i5 ( 4th Gen ) 4200M / 2.5 GHz ( 3.1 GHz ) / 3 MB Cache,HP ProBook 640 G1 - 14 '' - Core i5 4200M - Windows 7 Pro 64-bit / 8 Pro downgrade - 4 GB RAM - 500 GB HDD,Notebook,"Trusted Platform Module ( TPM 1.2 ) Security Chip , SmartCard reader",500 GB HDD / 7200 rpm,2 kg,,,,,,,,,,,,,,,,,,,,,,,,,,,,,,
Other Laptops & Notebooks - ASUS ROG G750JH-T4113P  - Asus for sale in Johannesburg (ID:157412074),8Cells 5900 mAh 89 Whrs,,17.3 '' 16 : 9 FHD EWV LED Backlight/Full HD 3D ( 1920x1080 120Hz ),,,,DDR3L 1600 MHz SDRAM 16 G,Integrated 802.11 a/b/g/n 10/100/1000 Base T BT 4.0 support ( on WLAN+ BT 4.0 combo card ),Windows 8 Pro,Blu-Ray DVD Combo Super-Multi DVD Blue-ray Writer,Intel® Core™ i7 4700HQ Processor,,,Kensington lock LoJack Intel Anti-theft,1.5 TB HDD 5400 RPM With 256 GB SSD,4.8 kg,,Intel® HM87 Express Chipset,,,,,,,,,,,,,,HD Web Camera,,,,,,,,,,,,,,410 x 318 x 18 ~58 mm ( WxDxH ) ( w/ 8cell battery )
Other Laptops & Notebooks - HP ZBook 14 Mobile | F0V01EA for sale in Johannesburg (ID:148490716),3-cell,33.9 cm x 23.7 cm x 2.1 cm,14 '' LED backlight 1600 x 900 / HD+,Yes,,AMD FirePro M4100 - 1 GB GDDR5,4 GB DDR3L,"802.11n , Gigabit Ethernet",Windows 7 Pro 64-bit / 8 Pro downgrade - pre-installed : Windows 7,No optical drive,Intel Core i5 ( 4th Gen ) 4300U / 1.9 GHz ( 2.9 GHz ) / 3 MB Cache,HP ZBook 14 Mobile Workstation - 14 '' - Core i5 4300U - Windows 7 Pro 64-bit / 8 Pro downgrade - 4 GB RAM - 750 GB HDD,Notebook,"Trusted Platform Module ( TPM 1.2 ) Security Chip , SmartCard reader",750 GB HDD / 7200 rpm,1.59 kg,,,,,,,,,,"Graphite , hematite",,,,,,,,,,,,,,,,,,,,
"Other Laptops & Notebooks - Dell Latitude E5540 - 15.6"" | CA005LE55402EDB for sale in Johannesburg (ID:162342789)",6-cell,37.9 cm x 25.05 cm x 2.97 cm,15.6 '' LED backlight 1920 x 1080 / Full HD,Yes,ENERGY STAR Qualified,NVIDIA GeForce GT 720M / Intel HD Graphics 4400 - 2 GB,4 GB DDR3L,"Bluetooth 4.0 LE , 802.11ac , Gigabit Ethernet",Windows 7 Pro 64-bit / 8,DVD-Writer,Intel Core i5 ( 4th Gen ) 4300U / 1.9 GHz ( 2.9 GHz ) / 3 MB Cache,Dell Latitude E5540 - 15.6 '' - Core i5 4300U - Windows 7 Pro 64-bit / 8 - 4 GB RAM - 500 GB HDD,Notebook,,500 GB HDD / 5400 rpm + 8 GB SSD cache,2.3 kg,,,,,,,,,,,Poland,1 year warranty,,,,,,,,,,,,,,,,,,
Other Laptops & Notebooks - Lenovo ThinkPad X1 Carbon | 20A70010ZA for sale in Johannesburg (ID:147826619),8-cell - up to 9 hours,33.1 cm x 22.68 cm x 1.816 cm,14 '' LED backlight 1600 x 900 / HD+,,"ENERGY STAR Qualified , EPEAT Gold",Intel HD Graphics 4400,8 GB DDR3L,"802.11n , Bluetooth 4.0 , Gigabit Ethernet",Windows 8.1 Pro 64-bit,No optical drive,Intel Core i7 ( 4th Gen ) 4550U / 1.5 GHz ( 3 GHz ) / 4 MB Cache,Lenovo ThinkPad X1 Carbon 20A7 - 14 '' - Core i7 4550U - Windows 8.1 Pro 64-bit - 8 GB RAM - 256 GB SSD,Ultrabook,"Trusted Platform Module ( TPM 1.2 ) Security Chip , fingerprint reader",256 GB - M.2 SSD,1.34 kg,,,,,,,,,WWAN,,,,,,,,,,,,,,,,,,,,,
"Other Laptops & Notebooks - Lenovo Yoga 2 13 | 59425931 was listed for R17,518.80 on 25 Oct at 01:03 by FirstShop in Johannesburg (ID:161123753)",,,13.3 '' LED backlight touchscreen,,,,DDR3L,,,No optical drive,Intel Core i7 ( 4th Gen ) 4510U / 4 MB Cache,Lenovo Yoga 2 13 - 13.3 '' - Core i7 4510U - 256 GB SSD,,,256 GB SSD,,,,,,,,,,,,,,360 degree flip design,,,,,,,,,Ultrabook,,,,,,,,
Other Laptops & Notebooks - HP EliteBook Mobile Workstation | LW924AW for sale in Johannesburg (ID:137914220),8-cell - up to 6.5 hours,38.2 cm x 25.8 cm x 3.8 cm,15.6 '' LED backlight HD+ WVA anti-glare 1600 x 900 / HD+,Yes,,NVIDIA Quadro 1000M - 2 GB GDDR3,4 GB DDR3,"802.11n , Bluetooth 2.1 EDR , Gigabit Ethernet , fax / modem",Windows 7 Pro 64-bit,DVD SuperMulti DL,Intel Core i5 ( 2nd Gen ) 2540M / 2.6 GHz ( 3.3 GHz ) / 3 MB Cache,HP EliteBook Mobile Workstation 8560w - 15.6 '' - Core i5 2540M - Windows 7 Pro 64-bit - 4 GB RAM - 320 GB HDD,Notebook,"Trusted Platform Module ( TPM 1.2 ) Security Chip , fingerprint reader , SmartCard reader",320 GB HDD / 7200 rpm,3.1 kg,,,,,,,,,,,,3 years warranty,,Includes a pre-loaded image of select Microsoft Office 2010 suites . Purchase an Office 2010 Product Key Card or disc to activate preloaded software on this PC .,,,,,,,,,,,,,,,,
Other Laptops & Notebooks - Lenovo ThinkPad Yoga 20CD | 20CD00DMZA for sale in Johannesburg (ID:161481315),8-cell - up to 7 hours,31.6 cm x 22.1 cm x 1.88 cm,12.5 '' LED backlight touchscreen 1920 x 1080 / Full HD,,ENERGY STAR Qualified,Intel HD Graphics 4400,8 GB DDR3L,"802.11n , Bluetooth 4.0",Windows 8.1 Pro 64-bit,No optical drive,Intel Core i7 ( 4th Gen ) 4510U / 2 GHz ( 3.1 GHz ) / 4 MB Cache,Lenovo ThinkPad Yoga 20CD - 12.5 '' - Core i7 4510U - Windows 8.1 Pro 64-bit - 8 GB RAM - 256 GB SSD,Ultrabook,Trusted Platform Module ( TPM 1.2 ) Security Chip,256 GB SSD,1.57 kg,,,,,,,,,,,,,360 degree flip design,,,,,,,,,,,,,,,,,
"Other Laptops & Notebooks - Acer Aspire R7-572-54208G1Tass - 15.6"" | NX.M94EA.002 for sale in Johannesburg (ID:158050553)",4-cell - up to 8 hours,37.68 cm x 25.45 cm x 2.85 cm,15.6 '' LED backlight touchscreen 1920 x 1080 / Full HD,,,Intel HD Graphics 4400,8 GB DDR3L,"802.11n , Bluetooth 4.0",Windows 8.1 Single Language 64-bit,No optical drive,Intel Core i5 ( 4th Gen ) 4200U / 1.6 GHz ( 2.6 GHz ) / 3 MB Cache,Acer Aspire R7-572-54208G1Tass - 15.6 '' - Core i5 4200U - Windows 8.1 Single Language 64-bit - 8 GB RAM - 1 TB HDD,Notebook,,1 TB HDD / 5400 rpm,2.4 kg,,,,,,,,,,Silver,South Africa,,Flip-hinge design,,,,,,,,,,,,,,,,,
Other Laptops & Notebooks - HP ProBook 430 G1 | F0X32EA for sale in Johannesburg (ID:152897537),4-cell - up to 9.5 hours,32.6 cm x 23.35 cm x 2.1 cm,13.3 '' LED backlight HD anti-glare 1366 x 768 / HD,,ENERGY STAR Qualified,Intel HD Graphics 4400,4 GB DDR3L,"802.11n , Bluetooth 4.0 HS , Gigabit Ethernet",Windows 8 Pro 64-bit,No optical drive,Intel Core i3 ( 4th Gen ) 4005U / 1.7 GHz / 3 MB Cache,HP ProBook 430 G1 - 13.3 '' - Core i3 4005U - Windows 8 Pro 64-bit - 4 GB RAM - 500 GB HDD,Notebook,Fingerprint reader,500 GB HDD / 5400 rpm,1.5 kg,,,,,,,,,,,,,,,,,,,,,,,,,,,,,,
Other Laptops & Notebooks - HP ProBook 430 G2 | G6W04EA for sale in Johannesburg (ID:160854980),4-cell - up to 8.5 hours,32.6 cm x 23.35 cm x 2.1 cm,13.3 '' LED backlight 1366 x 768 / HD,,ENERGY STAR Qualified,Intel HD Graphics 4400,4 GB DDR3L,"802.11n , Bluetooth 4.0 , Gigabit Ethernet",Windows 7 Pro 64-bit / Windows 8.1 Pro downgrade - pre-installed : Windows 7,No optical drive,Intel Core i3 ( 4th Gen ) 4030U / 1.9 GHz / 3 MB Cache,HP ProBook 430 G2 - 13.3 '' - Core i3 4030U - Windows 7 Pro 64-bit / Windows 8.1 Pro downgrade - 4 GB RAM - 500 GB HDD,Notebook,"Trusted Platform Module ( TPM 1.2 ) Security Chip , fingerprint reader",500 GB HDD / 5400 rpm,1.6 kg,,,,,,,,,3G,,,,,,,,,,,,,,,,,,,,,
"Other Laptops & Notebooks - Acer Aspire E1-510-28202G50Dnkk - 15.6"" | NX.MGREA.018 was listed for R4,320.00 on 4 Nov at 00:44 by FirstShop in Johannesburg (ID:158050541)",4-cell - up to 6 hours,38.16 cm x 25.6 cm x 2.53 cm,15.6 '' LED backlight 1366 x 768 / HD,,,Intel HD Graphics,2 GB DDR3L,"Bluetooth , 802.11n , Gigabit Ethernet",Windows 8.1 Single Language 64-bit,No optical drive,Intel Celeron N2820 / 2.13 GHz ( 2.39 GHz ) / 2 MB Cache,Acer Aspire E1-510-28202G50Dnkk - 15.6 '' - Celeron N2820 - Windows 8.1 Single Language 64-bit - 2 GB RAM - 500 GB HDD,Notebook,,500 GB HDD / 5400 rpm,2.35 kg,,,,,,,,,,Black,South Africa,,,,,,,,,,,,,,,,,,,
Other Laptops & Notebooks - Lenovo ThinkPad T440 20B6 | 20B6006SZA for sale in Johannesburg (ID:149015448),6-cell,33.9 cm x 23.25 cm x 2.1 cm,14 '' LED backlight 1366 x 768 / HD,Yes,ENERGY STAR Qualified,Intel HD Graphics 4400,4 GB DDR3L,"802.11n , Gigabit Ethernet",Windows 8 Pro 64-bit,No optical drive,Intel Core i5 ( 4th Gen ) 4200U / 1.6 GHz ( 2.6 GHz ) / 3 MB Cache,Lenovo ThinkPad T440 20B6 - 14 '' - Core i5 4200U - Windows 8 Pro 64-bit - 4 GB RAM - 500 GB HDD,Notebook,"Trusted Platform Module ( TPM 1.2 ) Security Chip , fingerprint reader",500 GB HDD / 7200 rpm,2 kg,,,,,,,,,WWAN upgradable,,,,,,,,,,,,,,,,,,,,,
"Other Laptops & Notebooks - Dell Latitude 3440 - 14"" | CA003L34406EM was listed for R10,090.80 on 23 Oct at 01:03 by FirstShop in Johannesburg (ID:163780949)",4-cell,34.6 cm x 24.5 cm x 2.5 cm,14 '' WLED 1366 x 768 / HD,,ENERGY STAR Qualified,Intel HD Graphics 4400,4 GB DDR3L,"802.11n , Bluetooth 4.0 , Gigabit Ethernet",Windows 8.1 Pro 64-bit,DVD-Writer,Intel Core i5 ( 4th Gen ) 4210U / 1.7 GHz ( 2.7 GHz ) / 3 MB Cache,Dell Latitude 3440 - 14 '' - Core i5 4210U - Windows 8.1 Pro 64-bit - 4 GB RAM - 500 GB Hybrid Drive,Notebook,,500 GB Hybrid Drive ( 8 GB flash ) / 5400 rpm,2 kg,,,,,,,,,,Black,,3 years warranty,,,,,,,,,,,,,,,,,,
"Other Laptops & Notebooks - Acer TravelMate - Core i5 | NX.V8YEA.002 was listed for R9,598.80 on 4 Nov at 00:44 by FirstShop in Johannesburg (ID:164202185)",4-cell - up to 4 hours,38.16 cm x 25.6 cm x 2.49 cm,15.6 '' LED backlight ComfyView 1366 x 768 / HD - matt,,ENERGY STAR Qualified,AMD Radeon HD 8750M - 2 GB DDR3,4 GB DDR3L,"Bluetooth , 802.11n , Gigabit Ethernet",Windows 7 Pro 64-bit / 8 Pro 64-bit Dual Load,DVD SuperMulti,Intel Core i5 ( 4th Gen ) 4200U / 1.6 GHz ( 2.6 GHz ) / 3 MB Cache,Acer TravelMate P255-MG-54204G75Mnkk - 15.6 '' - Core i5 4200U - Windows 7 Pro 64-bit / 8 Pro 64-bit Dual Load - 4 GB RAM - 750 GB HDD,Notebook,,750 GB HDD / 5400 rpm,2.35 kg,,,,,,,,,,Black,South Africa,,,,,,,,,,,,,,,,,,,
"Other Laptops & Notebooks - Dell Latitude E5540 - 15.6"" | CA003LE55406EDBSAF for sale in Johannesburg (ID:162342763)",6-cell,37.9 cm x 25.05 cm x 2.97 cm,15.6 '' WLED 1366 x 768 / HD,Yes,,Intel HD Graphics 4400,4 GB DDR3L,"802.11 a/b/g/n/ac , Bluetooth 4.0 LE , Gigabit Ethernet",Windows 8 Pro 64-bit - English,DVD-Writer,Intel Core i5 ( 4th Gen ) 4300U / 1.9 GHz ( 2.9 GHz ) / 3 MB Cache,Dell Latitude E5540 - 15.6 '' - Core i5 4300U - Windows 8 Pro 64-bit - 4 GB RAM - 500 GB Hybrid Drive,,,500 GB Hybrid Drive ( 8 GB flash ),2.3 kg,,,,,,,,,,Black,,3 years warranty,,,,,,,,,,Notebook,,,,,,,,
"Other Laptops & Notebooks - HP ProBook 640 G1 | H5G67EA was listed for R11,906.40 on 30 Oct at 00:53 by FirstShop in Johannesburg (ID:163780986)",6-cell,34 cm x 23.7 cm x 2.9 cm,14 '' LED backlight HD SVA eDP anti-glare 1366 x 768 / HD,Yes,"ENERGY STAR Qualified , EPEAT Gold",Intel HD Graphics 4600,4 GB DDR3L,"802.11n , Bluetooth 4.0 HS , Gigabit Ethernet",Windows 7 Pro 64-bit / 8 Pro downgrade - pre-installed : Windows 7,DVD SuperMulti,Intel Core i5 ( 4th Gen ) 4200M / 2.5 GHz ( 3.1 GHz ) / 3 MB Cache,HP ProBook 640 G1 - 14 '' - Core i5 4200M - Windows 7 Pro 64-bit / 8 Pro downgrade - 4 GB RAM - 500 GB HDD,Notebook,"Trusted Platform Module ( TPM 1.2 ) Security Chip , SmartCard reader",500 GB HDD / 7200 rpm,2 kg,,,,,,,,,,,,,,,,,,,,,,,,,,,,,,
Other Laptops & Notebooks - HP EliteBook Revolve 810 | F1N29EA for sale in Johannesburg (ID:158360141),6-cell - up to 10.75 hours,28.5 cm x 21.2 cm x 2.22 cm,11.6 '' LED backlight touchscreen 1366 x 768 / HD,Yes,ENERGY STAR Qualified,Intel HD Graphics 4400,4 GB DDR3L,"802.11n , Bluetooth 4.0 EDR , NFC , Gigabit Ethernet",Windows 8.1 Pro 64-bit,No optical drive,Intel Core i5 ( 4th Gen ) 4200U / 1.6 GHz ( 2.6 GHz ) / 3 MB Cache,HP EliteBook Revolve 810 G2 Tablet - 11.6 '' - Core i5 4200U - Windows 8.1 Pro 64-bit - 4 GB RAM - 128 GB SSD,Notebook,Trusted Platform Module ( TPM 1.2 ) Security Chip,128 GB - M.2 SSD,1.4 kg,,,,,,,,,3G - no service included,,,,Convertible design,,,,,,,,,,,,,,,,,
Other Laptops & Notebooks - HP ProBook 470 G2 | G6W56EA for sale in Johannesburg (ID:163781019),6-cell - up to 10.25 hours,41.38 cm x 27.95 cm x 3.22 cm,17.3 '' LED backlight 1600 x 900 / HD+,,ENERGY STAR Qualified,AMD Radeon R5 M255 / Intel HD Graphics 4400 - 2 GB DDR3,8 GB DDR3L,"802.11n , Bluetooth 4.0 , Gigabit Ethernet",Windows 7 Pro 64-bit / Windows 8.1 Pro downgrade - pre-installed : Windows 7,DVD SuperMulti,Intel Core i7 ( 4th Gen ) 4510U / 2 GHz ( 3.1 GHz ) / 4 MB Cache,HP ProBook 470 G2 - 17.3 '' - Core i7 4510U - Windows 7 Pro 64-bit / Windows 8.1 Pro downgrade - 8 GB RAM - 1 TB HDD,Notebook,"Trusted Platform Module ( TPM 1.2 ) Security Chip , fingerprint reader",1 TB HDD / 5400 rpm,2.95 kg,,,,,,,,,,,,,,,,,,,,,,,,,,,,,,
Other Laptops & Notebooks - HP ProBook 650 G1 | H5G81EA for sale in Johannesburg (ID:160541180),6-cell - up to 11.12 hours,37.8 cm x 25.7 cm x 2.9 cm,15.6 '' LED backlight Full HD SVA eDP anti-glare 1920 x 1080 / Full HD,Yes,"ENERGY STAR Qualified , EPEAT Gold",Intel HD Graphics 4600,8 GB DDR3L,"802.11n , Bluetooth 4.0 HS , Gigabit Ethernet",Windows 7 Pro 64-bit / 8 Pro downgrade - pre-installed : Windows 7,DVD SuperMulti,Intel Core i5 ( 4th Gen ) 4200M / 2.5 GHz ( 3.1 GHz ) / 3 MB Cache,HP ProBook 650 G1 - 15.6 '' - Core i5 4200M - Windows 7 Pro 64-bit / 8 Pro downgrade - 8 GB RAM - 128 GB SSD,Notebook,"Trusted Platform Module ( TPM 1.2 ) Security Chip , SmartCard reader",128 GB SSD,2.32 kg,,,,,,,,,3G,,,,,,,,,,,,,,,,,,,,,
"Other Laptops & Notebooks - Lenovo G505 - 15.6"" HDD | 59-415207 for sale in Johannesburg (ID:164202197)",,,15.6 '' LED backlight 1366 x 768 / HD,,,,DDR3L,802.11n,,,Intel,Lenovo G505 - 15.6 '' HDD,,,HDD,,,,,,,,,,,,,,,,,,,,,,,Notebook,,,,,,,,
Other Laptops & Notebooks - HP EliteBook 840 G1 | H5G86EA for sale in Johannesburg (ID:137913468),3-cell - up to 13.25 hours,33.89 cm x 23.7 cm x 2.1 cm,14 '' LED backlight HD SVA eDP anti-glare 1366 x 768 / HD,Yes,"ENERGY STAR Qualified , EPEAT Gold",Intel HD Graphics 4400,4 GB DDR3,"802.11n , Bluetooth 4.0 EDR , Gigabit Ethernet",Windows 7 Pro 64-bit / 8 Pro downgrade - pre-installed : Windows 7,No optical drive,Intel Core i7 ( 4th Gen ) 4600U / 2.1 GHz ( 3.3 GHz ) / 4 MB Cache,HP EliteBook 840 G1 - 14 '' - Core i7 4600U - Windows 7 Pro 64-bit / 8 Pro downgrade - 4 GB RAM - 500 GB HDD,Notebook,"Trusted Platform Module ( TPM 1.2 ) Security Chip , SmartCard reader",500 GB HDD / 7200 rpm,1.58 kg,,,,,,,,,,,,,,,,,,,,,,,,,,,,,,
Other Laptops & Notebooks - PROLINE PREMIER W110ER - W110ER-I787P8 - Proline for sale in Johannesburg (ID:157343360),,,11.6 '' HD,,,"nVIDIA GeForce GT 650M , 2GB DDR3",8GB DDR3,,,,,,,,,,,,,,,,,,,,,,,,,,750GB SATA,W110ER-I787P8,Windows 8 Professional 64 bit,2 Years ( 1ST YEAR ON SITE ),,,,,"Intel Core i7-3630QM ( 6M Cache , up to 3.40 GHz ) , 4 Cores , 8 Threads",,,,,
Other Laptops & Notebooks - Lenovo ThinkPad T440s 20AQ | 20AQ006LZA for sale in Johannesburg (ID:151262018),3-cell,33.1 cm x 22.6 cm x 2.065 cm,14 '' LED backlight 1600 x 900 / HD+,Yes,ENERGY STAR Qualified,Intel HD Graphics 4400,4 GB DDR3L,"802.11n , Gigabit Ethernet",Windows 8.1 Pro 64-bit,No optical drive,Intel Core i5 ( 4th Gen ) 4200U / 1.6 GHz ( 2.6 GHz ) / 3 MB Cache,Lenovo ThinkPad T440s 20AQ - 14 '' - Core i5 4200U - Windows 8.1 Pro 64-bit - 4 GB RAM - 500 GB HDD,Notebook,"Trusted Platform Module ( TPM 1.2 ) Security Chip , fingerprint reader",500 GB HDD / 7200 rpm,1.59 kg,,,,,,,,,WWAN upgradable,,,,,,,,,,,,,,,,,,,,,
"Other Laptops & Notebooks - Lenovo Ideapad G500 15.6"" Notebook 1TB HDD for sale in Johannesburg (ID:161177684)",5hrs,,,,,,6GB Ram,,Windows 8,,"Intel Celeron 1005M 1,9ghz",,,,,2.6kg/5.73lb,,,,,,,,,,,,,,,,Fixed Focus CMOS camera,,,,,,,,,,,,,,377*250*34mm ( 14.84x9.84x1.33 inches )
Other Laptops & Notebooks - Lenovo G50-70 - Core i5 | 59425754 for sale in Johannesburg (ID:161123728),,,,,,,4 GB,10/100 Ethernet,,,Intel Core i5 ( 4th Gen ) 4210U / 3 MB Cache,Lenovo G50-70 - Core i5 4210U - 4 GB RAM,,,,,,,,,,,,,,,,,,,,,,,,,,,,,,,,,,
"Other Laptops & Notebooks - Dell Latitude E7240 - 12.5"" | CA011LE72406EM for sale in Johannesburg (ID:158050446)",4-cell,31.05 cm x 21.1 cm x 2 cm,12.5 '' LED backlight 1366 x 768 / HD,Yes,ENERGY STAR Qualified,Intel HD Graphics 4400,8 GB DDR3L,"Bluetooth 4.0 LE , 802.11ac , Gigabit Ethernet",Windows 8 Pro 64-bit - English,,Intel Core i5 ( 4th Gen ) 4300U / 1.9 GHz ( 2.9 GHz ) / 3 MB Cache,Dell Latitude E7240 - 12.5 '' - Core i5 4300U - Windows 8 Pro 64-bit - 8 GB RAM - 128 GB SSD,Ultrabook,"Trusted Platform Module ( TPM ) Security Chip , fingerprint reader , SmartCard reader , contactless SmartCard Reader",128 GB SSD,1.36 kg,,,,,,,,,,Black,,5 years warranty,,,,,,,,,,,,,,,,,,
"IBM, Lenovo - Lenovo ThinkPad T500 Notebook / 2.40GHz / 2GB / 250GB / Bluetooth / 1280x800 was listed for R2,000.00 on 24 Oct at 11:31 by Mike3895 in Johannesburg (ID:162839860)",42T4620,,,,,,,,XP PRO,,INTEL P8600 / 2.40GHz,,,,,,,,,250GB,,,,,,,,,,,,,,,,,,,,,,,,,,
Other Laptops & Notebooks - Lenovo ThinkPad T431s 20AA | 20AA001HZA for sale in Johannesburg (ID:155431411),3-cell - up to 9 hours,33.1 cm x 22.6 cm x 2.065 cm,14 '' LED backlight 1600 x 900 / HD+,Yes,"ENERGY STAR Qualified , EPEAT Gold",Intel HD Graphics 4000,4 GB DDR3L,"802.11n , Bluetooth 4.0 , Gigabit Ethernet",Windows 8 Pro 64-bit,No optical drive,Intel Core i5 ( 3rd Gen ) 3337U / 1.8 GHz ( 2.7 GHz ) / 3 MB Cache,Lenovo ThinkPad T431s 20AA - 14 '' - Core i5 3337U - Windows 8 Pro 64-bit - 4 GB RAM - 500 GB HDD,Ultrabook,"Trusted Platform Module ( TPM 1.2 ) Security Chip , fingerprint reader",500 GB HDD / 7200 rpm + 24 GB SSD cache ( M.2 ),1.63 kg,,,,,,,,,,Graphite black,,3 years warranty,,,,,,,,,,,,,,,,,,
"Other Laptops & Notebooks - HP ProBook 6470b - 14"" | H5E63EA for sale in Johannesburg (ID:137914550)",6-cell,33.8 cm x 23.1 cm x 3.4 cm,14 '' LED backlight HD anti-glare 1366 x 768 / HD,Yes,"ENERGY STAR Qualified , EPEAT Gold",Intel HD Graphics 4000,4 GB DDR3,"802.11n , Bluetooth 4.0 EDR , Gigabit Ethernet , fax / modem",Windows 7 Pro 64-bit / 8 Pro downgrade - pre-installed : Windows 7,DVD SuperMulti,Intel Core i3 ( 3rd Gen ) 3120M / 2.5 GHz / 3 MB Cache,HP ProBook 6470b - 14 '' - Core i3 3120M - Windows 7 Pro 64-bit / 8 Pro downgrade - 4 GB RAM - 320 GB HDD,Notebook,Trusted Platform Module ( TPM 1.2 ) Security Chip,320 GB HDD / 7200 rpm,2.03 kg,,,,,,,,,,Tungsten,Portuguese / Portugal,1 year warranty,,Includes a pre-loaded image of select Microsoft Office 2010 suites . Purchase an Office 2010 Product Key Card or disc to activate preloaded software on this PC .,,,,,,,,,,,,,,,,
Other Laptops & Notebooks - Lenovo ThinkPad S540 Touch | 20B3006VZA for sale in Johannesburg (ID:161123896),4-cell - up to 6 hours,37.9 cm x 25.24 cm x 2.07 cm,15.6 '' LED backlight 1366 x 768 / HD,Yes,ENERGY STAR Qualified,AMD Radeon HD 8670M - 2 GB,8 GB DDR3L,"802.11n , Bluetooth 4.0 , Gigabit Ethernet",Windows 8.1 Pro 64-bit,No optical drive,Intel Core i7 ( 4th Gen ) 4510U / 2 GHz ( 3.1 GHz ) / 4 MB Cache,Lenovo ThinkPad S540 20B3 - 15.6 '' - Core i7 4510U - Windows 8.1 Pro 64-bit - 8 GB RAM - 1 TB HDD,Notebook,Trusted Platform Module ( TPM 1.2 ) Security Chip,1 TB HDD / 5400 rpm,2.11 kg,,,,,,,,,WWAN,,,,,,,,,,,,,,,,,,,,,
Other Laptops & Notebooks - HP ProBook 650 G1 | H5G74EA for sale in Johannesburg (ID:163780939),6-cell,37.8 cm x 25.7 cm x 2.9 cm,15.6 '' LED backlight HD SVA eDP anti-glare 1366 x 768 / HD,Yes,"ENERGY STAR Qualified , EPEAT Gold",Intel HD Graphics 4600,4 GB DDR3L,"802.11n , Bluetooth 4.0 HS , Gigabit Ethernet",Windows 7 Pro 64-bit / 8 Pro downgrade - pre-installed : Windows 7,DVD SuperMulti,Intel Core i3 ( 4th Gen ) 4000M / 2.4 GHz / 3 MB Cache,HP ProBook 650 G1 - 15.6 '' - Core i3 4000M - Windows 7 Pro 64-bit / 8 Pro downgrade - 4 GB RAM - 500 GB HDD,Notebook,"Trusted Platform Module ( TPM 1.2 ) Security Chip , SmartCard reader",500 GB HDD / 7200 rpm,2.32 kg,,,,,,,,,,,,,,,,,,,,,,,,,,,,,,
Other Laptops & Notebooks - TOSHIBA PORTEGE Z930-F0090 - Toshiba for sale in Johannesburg (ID:157342715),,,13.3 '' Anti-Glare LED,,,Intel,4GB DDR3,,,,,,,FP Reader / TPM / AMT / SSD Alert,,1.12kg,,,,,,,,,,,,,,,Spill Resistant STD,,256GB mSATA SSD,Z930-F0090,Win7 Pro + Win 8Pro Upgrade,3 Year Onsite,WLAN+ BT,,,Silver,i7-3667U,10/100/1000,,,,
"Other Laptops & Notebooks - Acer TravelMate P455-MG-74508G1TMakk - 15.6"" | NX.V8NEA.010 for sale in Johannesburg (ID:158733913)",4-cell - up to 3.5 hours,38.16 cm x 25.6 cm x 2.54 cm,15.6 '' LED backlight 1920 x 1080 / Full HD - matt,,ENERGY STAR Qualified,Intel HD Graphics 4400,8 GB DDR3L,"802.11n , Bluetooth 4.0 , Gigabit Ethernet",Windows 7 Pro 64-bit / 8.1 Pro 64-bit,DVD SuperMulti,Intel Core i7 ( 4th Gen ) 4500U / 1.8 GHz ( 3 GHz ) / 4 MB Cache,Acer TravelMate P455-MG-74508G1TMakk - 15.6 '' - Core i7 4500U - Windows 7 Pro 64-bit / 8.1 Pro 64-bit - 8 GB RAM - 1 TB HDD,Notebook,"Trusted Platform Module ( TPM ) Security Chip , fingerprint reader",1 TB HDD / 5400 rpm,2.4 kg,,,,,,,,,,Black,South Africa,,,,,,,,,,,,,,,,,,,
Other Laptops & Notebooks - Lenovo ThinkPad X240 20AL | 20AL00DVZA for sale in Johannesburg (ID:158050536),3-cell,30.55 cm x 20.85 cm x 1.99 cm,12.5 '' LED backlight 1366 x 768 / HD,Yes,ENERGY STAR Qualified,Intel HD Graphics 4400,4 GB DDR3L,"802.11n , Gigabit Ethernet",Windows 8.1 Pro 64-bit,No optical drive,Intel Core i5 ( 4th Gen ) 4210U / 1.7 GHz ( 2.7 GHz ) / 3 MB Cache,Lenovo ThinkPad X240 20AL - 12.5 '' - Core i5 4210U - Windows 8.1 Pro 64-bit - 4 GB RAM - 500 GB HDD,Notebook,"Trusted Platform Module ( TPM 1.2 ) Security Chip , fingerprint reader",500 GB HDD / 7200 rpm,1.31 kg,,,,,,,,,WWAN,,,,,,,,,,,,,,,,,,,,,
Other Laptops & Notebooks - Sony VAIO Duo 13 | SVD13211SGB for sale in Johannesburg (ID:158734240),4-cell - up to 11 hours,33 cm x 21 cm x 1.95 cm,13.3 '' LED backlight touchscreen 1920 x 1080 / Full HD,,,Intel HD Graphics 4400,4 GB LPDDR3,"802.11n , Bluetooth 4.0 HS , NFC",Windows 8 64-bit - Arabic / English / Chinese ( simplified ) / Thai,No optical drive,Intel Core i5 ( 4th Gen ) 4200U / 1.6 GHz ( 2.6 GHz ) / 3 MB Cache,Sony VAIO Duo 13 SVD13211SGB - 13.3 '' - Core i5 4200U - Windows 8 64-bit - 4 GB RAM - 128 GB SSD,Ultrabook,,128 GB SSD,1.325 kg,,,,,,,,,,Black,,,Slider design,,,,,,,,,,,,,,,,,
Other Laptops & Notebooks - Lenovo ThinkPad Helix N3Z43ZA I5 - Lenovo for sale in Johannesburg (ID:157343159),3 & 4 CELL,,,,,INTEGRATED,4 GB DDR3,,,No Optical,"Intel Core i5-3667U Processor ( 4M Cache , 2.00 GHz )",,,,,,,,,,,,,,,,,,,,,Yes,256GB SSD,Lenovo ThinkPad Helix,WIN 8 PRO 64,3 Year Carry-In,Intel 6205S AGN,,,,,,,,,
"Other Laptops & Notebooks - TOSHIBA SATELLITE U920T-F0040 - Toshiba was listed for R8,587.00 on 28 Oct at 01:52 by PC LINK COMPUTERS in Johannesburg (ID:157343578)",,,12.5 '' Corning Gorilla Touch,,,Intel,4GB DDR3,,,NONE,,,,,,1.52kg,,,,,,,,,,,,,,,STD + Backlit,,128GB SSD,U920T-F0040,Win 8SL,1Year,WLAN+ BT,,,Silver / Brown,i5-3337U 1.8GHz,NONE,,,,
"Other Laptops & Notebooks - Acer TravelMate - 11.6"" - Core | NX.V7QEA.018 for sale in Johannesburg (ID:164202192)",6-cell - up to 7.5 hours,28.5 cm x 20.2 cm x 2.735 cm,11.6 '' LED backlight 1366 x 768 / HD - matt,,,Intel HD Graphics 4000,4 GB DDR3,"802.11n , Bluetooth 4.0 HS , Gigabit Ethernet",Windows 7 Pro 64-bit / 8.1 Pro 64-bit,No optical drive,Intel Core i3 ( 3rd Gen ) 3217U / 1.8 GHz / 3 MB Cache,Acer TravelMate B113-M-33214G50akk - 11.6 '' - Core i3 3217U - Windows 7 Pro 64-bit / 8.1 Pro 64-bit - 4 GB RAM - 500 GB HDD,Notebook,,500 GB HDD / 5400 rpm,1.48 kg,,,,,,,,,,Black,South Africa,,,,,,,,,,,,,,,,,,,
"IBM, Lenovo - LENOVO THINKPAD ULTRABOOK - T430 | CORE i5 2.6GHz | 8GIG RAM | 320GB HDD | LONGLIFE BATTERY | LAPTOP was listed for R4,790.00 on 21 Oct at 22:46 by TradeRouteAuctions in Johannesburg (ID:164555298)",,,,,,,,,Windows 7,,Intel Core i5 ~ 2.6Ghz,,,,,,,,,,,,,,,,,,,,,,,,,,,,,,,,INTEL HD GRAPHICS 1696 MB,320GB,8 GB DDR3 1600 MHz,
Other Laptops & Notebooks - FUJITSU LB E754/I5-4300M/8GB/500G+8GSSD/3G/W8P/3Y - Fujitsu for sale in Johannesburg (ID:157342688),up to 25 h,,"39.6 cm ( 15.6-inch ) , LED backlight , ( HD ) , Anti-glare display , magnesium , 1,366 x 768 pixel , 300 : 1",,,Intel ? HD Graphics 4600,,,,,"Intel ? Core ? i5-4300M processor , 3 MB , 2.6 GHz , up to 3.3 GHz",,,,,1.9 kg - Incl . weight saver . Weight may vary depending on actual configuration .,,,,,,,,,,,,,,,,,,,Windows 8.1 Pro 64-bit,3 Year on-site Warranty,,,,,,"Built-in 10/100/1,000 MBit/s Intel ? I217",,,,374 x 250 x 20 ( f ) - 27 ( r ) mm
Other Laptops & Notebooks - HP ProBook 450 G2 | J4S75EA for sale in Johannesburg (ID:162050166),4-cell - up to 9.25 hours,37.5 cm x 26.28 cm x 2.55 cm,15.6 '' LED backlight 1366 x 768 / HD,,ENERGY STAR Qualified,Intel HD Graphics 4400,4 GB DDR3L,"802.11n , Bluetooth 4.0 , Gigabit Ethernet",Windows 7 Pro 64-bit / Windows 8.1 Pro downgrade - pre-installed : Windows 7,DVD SuperMulti,Intel Core i5 ( 4th Gen ) 4210U / 1.7 GHz ( 2.7 GHz ) / 3 MB Cache,HP ProBook 450 G2 - 15.6 '' - Core i5 4210U - Windows 7 Pro 64-bit / Windows 8.1 Pro downgrade - 4 GB RAM - 500 GB HDD,Notebook,"Trusted Platform Module ( TPM 1.2 ) Security Chip , fingerprint reader",500 GB HDD / 5400 rpm,2.26 kg,,,,,,,,,,,,,,,,,,,,,,,,,,,,,,
"Other Laptops & Notebooks - Lenovo ThinkPad X1 Carbon | 20A8S0WT0P was listed for R23,057.23 on 25 Oct at 01:03 by FirstShop in Johannesburg (ID:158733784)",8-cell,,LED backlight 2560 x 1440 / WQHD,,ENERGY STAR Qualified,Intel HD Graphics 4400,DDR3L,Gigabit Ethernet,,,Intel Core i7 ( 4th Gen ) 4600U / 2.1 GHz / 4 MB Cache,Lenovo ThinkPad X1 Carbon 20A8 - Core i7 4600U - 256 GB SSD,,Trusted Platform Module ( TPM 1.2 ) Security Chip,256 GB SSD,,,,,,,,,,,,Dutch,,,,,,,,,,,Ultrabook,,,,,,,,
Mecer - Mecer Xpression Netbook Ã¢ÂÂ W310CZ for sale in Johannesburg (ID:163013898),,,,,,Embedded Intel HD Integrated Grahics W/Share Memory,4GB DDR3-1600,,Microsoft Windows 8.1 with Bing 64Bit Multi Language,,"Intel¨ Ivy Bridge Dual Core Celeron 1037U CPU ( 1.8GHz , 2MB Cache )",,,,,1.35kg,,,,500GB SATA HDD,,,,,,,,,,,,,,,,,,,,,,,,,,
Other Laptops & Notebooks - HP ProBook 430 G2 | G6W21EA for sale in Johannesburg (ID:164395850),4-cell - up to 8.5 hours,32.6 cm x 23.35 cm x 2.1 cm,13.3 '' LED backlight 1366 x 768 / HD,,ENERGY STAR Qualified,Intel HD Graphics 4400,4 GB DDR3L,"802.11n , Bluetooth 4.0 , Gigabit Ethernet",Windows 8.1 Pro 64-bit,No optical drive,Intel Core i3 ( 4th Gen ) 4030U / 1.9 GHz / 3 MB Cache,HP ProBook 430 G2 - 13.3 '' - Core i3 4030U - Windows 8.1 Pro 64-bit - 4 GB RAM - 500 GB HDD,Notebook,"Trusted Platform Module ( TPM 1.2 ) Security Chip , fingerprint reader",500 GB HDD / 5400 rpm,1.6 kg,,,,,,,,,,,,,,,,,,,,,,,,,,,,,,
Other Laptops & Notebooks - HP ZBook 15 Mobile | F0U65EA for sale in Johannesburg (ID:160384587),8-cell,38.15 cm x 25.7 cm x 3.55 cm,15.6 '' LED backlight Full HD UWVA eDP anti-glare 1920 x 1080 / Full HD,Yes,ENERGY STAR Qualified,NVIDIA Quadro K2100M - 2 GB GDDR5,8 GB DDR3L,"802.11n , Bluetooth 4.0 LE , Gigabit Ethernet",Windows 7 Pro 64-bit / 8 Pro downgrade - pre-installed : Windows 7,DVD,Intel Core i7 ( 4th Gen ) 4800MQ / 2.7 GHz ( 3.7 GHz ) / 6 MB Cache,HP ZBook 15 Mobile Workstation - 15.6 '' - Core i7 4800MQ - Windows 7 Pro 64-bit / 8 Pro downgrade - 8 GB RAM - 256 GB SSD,Notebook,"Trusted Platform Module ( TPM 1.2 ) Security Chip , fingerprint reader , SmartCard reader",256 GB SSD Self Encrypting Drive,2.93 kg,,,,,,,,,,"Graphite , hematite",,,,,,,,,,,,,,,,,,,,
"Other Laptops & Notebooks - Dell Latitude E6440 - Core | CA002LE64408WEREM was listed for R14,458.80 on 26 Oct at 01:03 by FirstShop in Johannesburg (ID:164555199)",6-cell,33.8 cm x 23.26 cm x 3.18 cm,14 '' LED backlight 1366 x 768 / HD,Yes,,Intel HD Graphics 4600,4 GB DDR3L,"Bluetooth , 802.11n , Gigabit Ethernet",Windows 7 Pro 64-bit - English,DVD-Writer,Intel Core i5 ( 4th Gen ) 4300M / 2.6 GHz ( 3.3 GHz ) / 3 MB Cache,Dell Latitude E6440 - 14 '' - Core i5 4300M - Windows 7 Pro 64-bit - 4 GB RAM - 320 GB HDD,Notebook,Trusted Platform Module ( TPM ) Security Chip,320 GB HDD / 7200 rpm,2.12 kg,,,,,,,,,,"Black , silver",,3 years warranty,,,,,,,,,,,,,,,,,,
"Other Laptops & Notebooks - Dell Latitude E5540 - 15.6"" | CA002LE55402EDB for sale in Johannesburg (ID:149015348)",9-cell,37.9 cm x 25.05 cm x 2.97 cm,15.6 '' WLED 1366 x 768 / HD,Yes,,Intel HD Graphics 4400,4 GB DDR3L,"802.11a/b/g/n/ac , Bluetooth 4.0 LE , Gigabit Ethernet",Windows 7 Pro 64-bit - English,DVD-Writer,Intel Core i5 ( 4th Gen ) 4200U / 1.6 GHz ( 2.6 GHz ) / 3 MB Cache,Dell Latitude E5540 - 15.6 '' - Core i5 4200U - Windows 7 Pro 64-bit - 4 GB RAM - 500 GB HDD,Notebook,,500 GB HDD / 5400 rpm,2.3 kg,,,,,,,,,,Black,,3 years warranty,,,,,,,,,,,,,,,,,,
"Other Laptops & Notebooks - HP ProBook 6470b - 14"" | B6Q32EA for sale in Johannesburg (ID:137910490)",6-cell - up to 8.25 hours,33.8 cm x 23.1 cm x 3.4 cm,14 '' LED backlight HD anti-glare 1366 x 768 / HD,Yes,"ENERGY STAR Qualified , EPEAT Gold",Intel HD Graphics 4000,4 GB DDR3,"802.11n , Bluetooth 4.0 EDR , Gigabit Ethernet , fax / modem",Windows 7 Pro 64-bit,DVD SuperMulti,Intel Core i3 ( 3rd Gen ) 3110M / 2.4 GHz / 3 MB Cache,HP ProBook 6470b - 14 '' - Core i3 3110M - Windows 7 Pro 64-bit - 4 GB RAM - 320 GB HDD,Notebook,Trusted Platform Module ( TPM 1.2 ) Security Chip,320 GB HDD / 7200 rpm,2.03 kg,,,,,,,,,,Tungsten,German / Germany,1 year warranty,,Includes a pre-loaded image of select Microsoft Office 2010 suites . Purchase an Office 2010 Product Key Card or disc to activate preloaded software on this PC .,,,,,,,,,,,,,,,,
"Other Laptops & Notebooks - HP EliteBook 2570p - 12.5"" | B6Q08EA for sale in Johannesburg (ID:164395960)",6-cell,30.5 cm x 20.9 cm x 2.7 cm,12.5 '' LED backlight HD anti-glare 1366 x 768 / HD,Yes,"ENERGY STAR Qualified , EPEAT Gold",Intel HD Graphics 4000,4 GB DDR3,"802.11n , Bluetooth 4.0 EDR , Gigabit Ethernet , fax / modem",Windows 7 Pro 64-bit,DVD SuperMulti,Intel Core i7 ( 3rd Gen ) 3520M / 2.9 GHz ( 3.6 GHz ) / 4 MB Cache,HP EliteBook 2570p - 12.5 '' - Core i7 3520M - Windows 7 Pro 64-bit - 4 GB RAM - 500 GB HDD,Notebook,"Trusted Platform Module ( TPM 1.2 ) Security Chip , SmartCard reader",500 GB HDD / 7200 rpm,1.65 kg,,,,,,,,,,,,,,Includes a pre-loaded image of select Microsoft Office 2010 suites . Purchase an Office 2010 Product Key Card or disc to activate preloaded software on this PC .,,,,,,,,,,,,,,,,
Other Laptops & Notebooks - HP EliteBook Folio 1040 | H5F62EA for sale in Johannesburg (ID:144988205),6-cell,33.8 cm x 23.35 cm x 1.59 cm,14 '' LED backlight 1600 x 900 / HD+,Yes,"ENERGY STAR Qualified , EPEAT Gold",Intel HD Graphics 4400,4 GB DDR3L,"802.11n , Bluetooth 4.0 , Gigabit Ethernet",Windows 7 Pro 64-bit / Windows 8.1 Pro downgrade - pre-installed : Windows 7,No optical drive,Intel Core i5 ( 4th Gen ) 4200U / 1.6 GHz ( 2.6 GHz ) / 3 MB Cache,HP EliteBook Folio 1040 G1 - 14 '' - Core i5 4200U - Windows 7 Pro 64-bit / Windows 8.1 Pro downgrade - 4 GB RAM - 180 GB SSD,Ultrabook,"Trusted Platform Module ( TPM 1.2 ) Security Chip , fingerprint reader , SmartCard reader",180 GB SSD,1.49 kg,,,,,,,,,3G,Platinum,,,,,,,,,,,,,,,,,,,,
"Other Laptops & Notebooks - Dell Latitude E5440 - 14"" | CA017LE54402EM for sale in Johannesburg (ID:148917151)",6-cell,33.8 cm x 23.5 cm x 2.86 cm,14 '' LED backlight touchscreen 1366 x 768 / HD,Yes,ENERGY STAR Qualified,Intel HD Graphics 4400,4 GB DDR3L,"Bluetooth 4.0 LE , 802.11a/n/ac , Gigabit Ethernet",Windows 7 Pro 64-bit - English,DVD-Writer,Intel Core i3 ( 4th Gen ) 4010U / 1.7 GHz / 3 MB Cache,Dell Latitude E5440 - 14 '' - Core i3 4010U - Windows 7 Pro 64-bit - 4 GB RAM - 500 GB Hybrid Drive,Notebook,Trusted Platform Module ( TPM ) Security Chip,500 GB Hybrid Drive / 5400 rpm + 8 GB SSD cache,2 kg,,,,,,,,,,,Czech,3 years warranty,,Includes a pre-loaded image of select Microsoft Office 2013 suites . Purchase an Office 2013 Product Key Card or disc to activate preloaded software on this PC .,,,,,,,,,,,,,,,,
Other Laptops & Notebooks - Lenovo ThinkPad X240 20AL | 20AL00A5ZA for sale in Johannesburg (ID:158050435),3-cell,30.55 cm x 20.85 cm x 1.99 cm,12.5 '' LED backlight 1366 x 768 / HD,Yes,ENERGY STAR Qualified,Intel HD Graphics 4400,4 GB DDR3L,"802.11n , Gigabit Ethernet",Windows 8.1 Pro 64-bit,No optical drive,Intel Core i7 ( 4th Gen ) 4600U / 2.1 GHz ( 3.3 GHz ) / 4 MB Cache,Lenovo ThinkPad X240 20AL - 12.5 '' - Core i7 4600U - Windows 8.1 Pro 64-bit - 4 GB RAM - 500 GB HDD,Notebook,"Trusted Platform Module ( TPM 1.2 ) Security Chip , fingerprint reader",500 GB HDD / 7200 rpm,1.31 kg,,,,,,,,,WWAN upgradable,,,,,,,,,,,,,,,,,,,,,
Other Laptops & Notebooks - HP ZBook 15 Mobile | F0U62EA for sale in Johannesburg (ID:137913213),8-cell - up to 14.25 hours,38.15 cm x 25.7 cm x 3.55 cm,15.6 '' RGB LEDs Full HD UWVA eDP anti-glare DreamColor 1920 x 1080 / Full HD,Yes,ENERGY STAR Qualified,NVIDIA Quadro K2100M / Intel HD Graphics 4600 - 2 GB GDDR5,8 GB DDR3L,"802.11n , Bluetooth 4.0 EDR , Bluetooth 4.0 LE , Gigabit Ethernet",Windows 8 Pro 64-bit / Windows 7 Pro 64-bit downgrade - pre-installed : Windows 7,DVD,Intel Core i7 ( 4th Gen ) 4700MQ / 2.4 GHz ( 3.4 GHz ) / 6 MB Cache,HP ZBook 15 Mobile Workstation - 15.6 '' - Core i7 4700MQ - Windows 8 Pro 64-bit / Windows 7 Pro 64-bit downgrade - 8 GB RAM - 750 GB HDD,Notebook,"Trusted Platform Module ( TPM 1.2 ) Security Chip , fingerprint reader , SmartCard reader",750 GB HDD / 7200 rpm,2.93 kg,,,,,,,,,,"Graphite , hematite",,,,,,,,,,,,,,,,,,,,
"Other Laptops & Notebooks - Acer Aspire - 11.6"" - Core | NX.M42EA.011 for sale in Johannesburg (ID:158050424)",4-cell - up to 5 hours,28.36 cm x 19.56 cm x 1.22 cm,11.6 '' LED backlight touchscreen 1920 x 1080 / Full HD - matt,,ENERGY STAR Qualified,Intel HD Graphics 4000,4 GB DDR3L,"802.11n , Bluetooth 4.0",Windows 8 Single Language 64-bit,No optical drive,Intel Core i5 ( 3rd Gen ) 3337U / 1.8 GHz ( 2.7 GHz ) / 3 MB Cache,Acer Aspire S7-191-53334G12ass - 11.6 '' - Core i5 3337U - Windows 8 Single Language 64-bit - 4 GB RAM - 128 GB SSD,Ultrabook,,128 GB SSD,1.04 kg,,,,,,,,,,Silver,South Africa,,,,,,,,,,,,,,,,,,,
"IBM, Lenovo - LENOVO THINKPAD ULTRABOOK - T430 | CORE i5 2.6GHz | 8GIG RAM | 320GB HDD | LONGLIFE BATTERY | LAPTOP was listed for R4,790.00 on 21 Oct at 22:46 by TradeRouteAuctions in Johannesburg (ID:164555299)",,,,,,,,,Windows 7,,Intel Core i5 ~ 2.6Ghz,,,,,,,,,,,,,,,,,,,,,,,,,,,,,,,,INTEL HD GRAPHICS 1696 MB,320GB,8 GB DDR3 1600 MHz,
"Other Laptops & Notebooks - Dell Latitude 3440 - 14"" | CA002L34406EM for sale in Johannesburg (ID:163781015)",6-cell,34.6 cm x 24.5 cm x 2.96 cm,14 '' WLED 1600 x 900 / HD+,,ENERGY STAR Qualified,NVIDIA GeForce GT 740M - 2 GB GDDR5,4 GB DDR3L,"802.11n , Bluetooth 4.0 LE , Gigabit Ethernet",Windows 8 Pro 64-bit - English,DVD-Writer,Intel Core i5 ( 4th Gen ) 4200U / 1.6 GHz ( 2.6 GHz ) / 3 MB Cache,Dell Latitude 3440 - 14 '' - Core i5 4200U - Windows 8 Pro 64-bit - 4 GB RAM - 500 GB HDD,Notebook,,500 GB HDD / 5400 rpm,2.1 kg,,,,,,,,,,Black,,3 years warranty,,,,,,,,,,,,,,,,,,
Other Laptops & Notebooks - HP ProBook 470 G0 | H0W67EA for sale in Johannesburg (ID:137912513),6-cell - up to 6.75 hours,41.38 cm x 27.95 cm x 3.15 cm,17.3 '' LED backlight HD+ anti-glare 1600 x 900 / HD+,,ENERGY STAR Qualified,AMD Radeon HD 8750M - 1 GB DDR3,4 GB DDR3,"802.11n , Bluetooth 4.0 HS , Gigabit Ethernet",Windows 7 Pro 64-bit / 8 Pro downgrade - pre-installed : Windows 7,DVD SuperMulti,Intel Core i3 ( 3rd Gen ) 3120M / 2.5 GHz / 3 MB Cache,HP ProBook 470 G0 - 17.3 '' - Core i3 3120M - Windows 7 Pro 64-bit / 8 Pro downgrade - 4 GB RAM - 500 GB HDD,Notebook,Fingerprint reader,500 GB HDD / 5400 rpm,3 kg,,,,,,,,,,,,,,,,,,,,,,,,,,,,,,
Other Laptops & Notebooks - TOSHIBA PORTEGE Z930-F0088 - Toshiba for sale in Johannesburg (ID:157342664),,,13.3 '' Anti-Glare LED,,,Intel,4GB DDR3,,,N/A,,,,FP Reader / TPM / AMT / SSD Alert,,1.12kg,,,,,,,,,,,,,,,Spill Resistant STD,,128GB mSATA SSD,Z930-F0007,Win 8 Pro,3 Year Onsite,WLAN+ BT + 3G,,,Silver,i5-3437U,10/100 / 1000,,,,
Other Laptops & Notebooks - HP ProBook 470 G1 | E9Y61EA for sale in Johannesburg (ID:137910718),6-cell - up to 8.25 hours,41.38 cm x 27.95 cm x 3.15 cm,17.3 '' LED backlight HD+ anti-glare 1600 x 900 / HD+,,"ENERGY STAR Qualified , EPEAT Gold",AMD Radeon HD 8750M / Intel HD Graphics 4600 - 1 GB DDR3,4 GB DDR3L,"802.11n , Bluetooth 4.0 HS , Gigabit Ethernet",Windows 7 Pro 64-bit / 8 Pro downgrade - pre-installed : Windows 7,DVD SuperMulti,Intel Core i3 ( 4th Gen ) 4000M / 2.4 GHz / 3 MB Cache,HP ProBook 470 G1 - 17.3 '' - Core i3 4000M - Windows 7 Pro 64-bit / 8 Pro downgrade - 4 GB RAM - 500 GB HDD,Notebook,Fingerprint reader,500 GB HDD / 5400 rpm,3 kg,,,,,,,,,,,,,,,,,,,,,,,,,,,,,,
Other Laptops & Notebooks - Lenovo ThinkPad L540 20AV | 20AV0050ZA for sale in Johannesburg (ID:161123844),6-cell,37.7 cm x 24.7 cm x 3.405 cm,15.6 '' LED backlight 1366 x 768 / HD,Yes,ENERGY STAR Qualified,Intel HD Graphics 4600,4 GB DDR3L,"802.11n , Gigabit Ethernet",Windows 8.1 Pro 64-bit,DVD-Writer,Intel Core i3 ( 4th Gen ) 4100M / 2.5 GHz / 3 MB Cache,Lenovo ThinkPad L540 20AV - 15.6 '' - Core i3 4100M - Windows 8.1 Pro 64-bit - 4 GB RAM - 500 GB HDD,Notebook,"Trusted Platform Module ( TPM 1.2 ) Security Chip , fingerprint reader",500 GB HDD / 7200 rpm,2.52 kg,,,,,,,,,WWAN,,,,,,,,,,,,,,,,,,,,,
"Other Laptops & Notebooks - HP 350 G1 - 15.6"" | G6V87EA for sale in Johannesburg (ID:162342816)",4-cell,38.4 cm x 26.1 cm x 2.31 cm,15.6 '' LED backlight 1366 x 768 / HD,,ENERGY STAR Qualified,AMD Radeon HD 8670M / Intel HD Graphics 4400 - 2 GB DDR3,4 GB DDR3L,"802.11n , Bluetooth 4.0 HS , Gigabit Ethernet",Windows 8.1 64-bit,DVD SuperMulti,Intel Core i5 ( 4th Gen ) 4200U / 1.6 GHz ( 2.6 GHz ) / 3 MB Cache,HP 350 G1 - 15.6 '' - Core i5 4200U - Windows 8.1 64-bit - 4 GB RAM - 500 GB HDD,Notebook,,500 GB HDD / 5400 rpm,2.3 kg,,,,,,,,,,Silver,,,,,,,,,,,,,,,,,,,,
Other Laptops & Notebooks - HP ProBook 650 G1 | H5G77EA for sale in Johannesburg (ID:160854958),6-cell,37.8 cm x 25.7 cm x 2.9 cm,15.6 '' LED backlight HD SVA eDP anti-glare 1366 x 768 / HD,Yes,"ENERGY STAR Qualified , EPEAT Gold",Intel HD Graphics 4600,4 GB DDR3L,"802.11n , Bluetooth 4.0 HS , Gigabit Ethernet",Windows 7 Pro 64-bit / 8 Pro downgrade - pre-installed : Windows 7,DVD SuperMulti,Intel Core i5 ( 4th Gen ) 4200M / 2.5 GHz ( 3.1 GHz ) / 3 MB Cache,HP ProBook 650 G1 - 15.6 '' - Core i5 4200M - Windows 7 Pro 64-bit / 8 Pro downgrade - 4 GB RAM - 500 GB HDD,Notebook,"Trusted Platform Module ( TPM 1.2 ) Security Chip , SmartCard reader",500 GB HDD / 7200 rpm,2.32 kg,,,,,,,,,,,,,,,,,,,,,,,,,,,,,,
Other Laptops & Notebooks - HP EliteBook 820 G1 | F1R78AW for sale in Johannesburg (ID:151575345),3-cell,31 cm x 21.53 cm x 2.1 cm,12.5 '' LED backlight HD SVA eDP anti-glare 1366 x 768 / HD,Yes,"ENERGY STAR Qualified , EPEAT Gold",Intel HD Graphics 4400,4 GB DDR3L,"Bluetooth 4.0 HS , 802.11ac , Gigabit Ethernet",Windows 7 Pro 64-bit,No optical drive,Intel Core i5 ( 4th Gen ) 4300U / 1.9 GHz ( 2.9 GHz ) / 3 MB Cache,HP EliteBook 820 G1 - 12.5 '' - Core i5 4300U - Windows 7 Pro 64-bit - 4 GB RAM - 500 GB HDD,Notebook,"Trusted Platform Module ( TPM 1.2 ) Security Chip , SmartCard reader",500 GB HDD / 7200 rpm,1.33 kg,,,,,,,,,,,,,,,,,,,,,,,,,,,,,,
Other Laptops & Notebooks - HP EliteBook 820 G1 | H5G89EA for sale in Johannesburg (ID:150921981),3-cell - up to 11.25 hours,31 cm x 21.53 cm x 2.1 cm,12.5 '' LED backlight HD SVA eDP anti-glare 1366 x 768 / HD,Yes,"ENERGY STAR Qualified , EPEAT Gold",Intel HD Graphics 4400,4 GB DDR3L,"802.11n , Bluetooth 4.0 EDR , Gigabit Ethernet",Windows 7 Pro 64-bit / 8 Pro downgrade - pre-installed : Windows 7,No optical drive,Intel Core i7 ( 4th Gen ) 4600U / 2.1 GHz ( 3.3 GHz ) / 4 MB Cache,HP EliteBook 820 G1 - 12.5 '' - Core i7 4600U - Windows 7 Pro 64-bit / 8 Pro downgrade - 4 GB RAM - 500 GB HDD,Notebook,"Trusted Platform Module ( TPM 1.2 ) Security Chip , fingerprint reader , SmartCard reader",500 GB HDD / 7200 rpm,1.33 kg,,,,,,,,,3G,,,,,,,,,,,,,,,,,,,,,
"Other Laptops & Notebooks - Acer Extensa 2510-3076 - 15.6"" | NX.EEXEA.006 for sale in Johannesburg (ID:158733990)",6-cell,38.16 cm x 25.6 cm x 3.04 cm,15.6 '' LED backlight 1366 x 768 / HD - matt,,ENERGY STAR Qualified,Intel HD Graphics 4400,4 GB DDR3L,"Bluetooth , 802.11n , Gigabit Ethernet",Windows 8.1 Single Language 64-bit,DVD SuperMulti,Intel Core i3 ( 4th Gen ) 4030U / 1.9 GHz / 3 MB Cache,Acer Extensa 2510-3076 - 15.6 '' - Core i3 4030U - Windows 8.1 Single Language 64-bit - 4 GB RAM - 1 TB HDD,Notebook,,1 TB HDD / 5400 rpm,2.5 kg,,,,,,,,,,Black,South Africa,,,,,,,,,,,,,,,,,,,
Other Laptops & Notebooks - Lenovo ThinkPad Edge E531 | N4IDVZA for sale in Johannesburg (ID:149120066),6-cell,37.7 cm x 25 cm x 2.96 cm,15.6 '' LED backlight 1366 x 768 / HD,Yes,ENERGY STAR Qualified,Intel HD Graphics 4000,4 GB DDR3,"802.11n , Bluetooth 4.0 , Gigabit Ethernet",Windows 8 Pro 64-bit,DVD-Writer,Intel Core i3 ( 3rd Gen ) 3110M / 2.4 GHz / 3 MB Cache,Lenovo ThinkPad Edge E531 6885 - 15.6 '' - Core i3 3110M - Windows 8 Pro 64-bit - 4 GB RAM - 500 GB HDD,Notebook,,500 GB HDD / 7200 rpm,2.46 kg,,,,,,,,,,,,1 year warranty,,,,,,,,,,,,,,,,,,
Other Laptops & Notebooks - HP EliteBook 820 G1 | H5G15EA for sale in Johannesburg (ID:137910475),3-cell - up to 13.25 hours,31 cm x 21.53 cm x 2.1 cm,12.5 '' LED backlight HD SVA eDP anti-glare 1366 x 768 / HD,Yes,"ENERGY STAR Qualified , EPEAT Gold",Intel HD Graphics 4400,8 GB DDR3L,"Bluetooth 4.0 HS , 802.11ac , Gigabit Ethernet",Windows 7 Pro 64-bit / 8 Pro downgrade - pre-installed : Windows 7,No optical drive,Intel Core i7 ( 4th Gen ) 4600U / 2.1 GHz ( 3.3 GHz ) / 4 MB Cache,HP EliteBook 820 G1 - 12.5 '' - Core i7 4600U - Windows 7 Pro 64-bit / 8 Pro downgrade - 8 GB RAM - 256 GB SSD,Notebook,"Trusted Platform Module ( TPM 1.2 ) Security Chip , fingerprint reader , SmartCard reader",256 GB SSD Self Encrypting Drive,1.33 kg,,,,,,,,,4G - no service included,,,3 years warranty,,,,,,,,,,,,,,,,,,
Other Laptops & Notebooks - Lenovo ThinkPad W530 2447 | N1K5FZA for sale in Johannesburg (ID:160854974),9-cell - up to 12.8 hours,37.28 cm x 24.51 cm x 3.56 cm,15.6 '' LED backlight 1600 x 900 / HD+,,"ENERGY STAR Qualified , EPEAT Gold",NVIDIA Quadro K1000M / Intel HD Graphics 4000 - 2 GB,4 GB DDR3,"802.11n , Bluetooth 4.0 , Gigabit Ethernet",Windows 8 Pro 64-bit,DVD-Writer,Intel Core i7 ( 3rd Gen ) 3740QM / 2.7 GHz ( 3.7 GHz ) / 6 MB Cache,Lenovo ThinkPad W530 2447 - 15.6 '' - Core i7 3740QM - Windows 8 Pro 64-bit - 4 GB RAM - 500 GB HDD,Notebook,"Trusted Platform Module ( TPM 1.2 ) Security Chip , fingerprint reader",500 GB HDD / 7200 rpm,2.81 kg,,,,,,,,,3G/4G upgradable,,,3 years warranty,,,,,,,,,,,,,,,,,,
"Other Laptops & Notebooks - Acer Extensa 2510-56ZP - 15.6"" | NX.EEXEA.003 for sale in Johannesburg (ID:158733988)",6-cell,38.16 cm x 25.6 cm x 3.04 cm,15.6 '' LED backlight 1366 x 768 / HD - matt,,ENERGY STAR Qualified,Intel HD Graphics 4400,4 GB DDR3L,"Bluetooth , 802.11n , Gigabit Ethernet",Windows 8.1 Single Language 64-bit,DVD SuperMulti,Intel Core i5 ( 4th Gen ) 4210U / 1.7 GHz ( 2.7 GHz ) / 3 MB Cache,Acer Extensa 2510-56ZP - 15.6 '' - Core i5 4210U - Windows 8.1 Single Language 64-bit - 4 GB RAM - 500 GB HDD,Notebook,,500 GB HDD / 5400 rpm,2.5 kg,,,,,,,,,,Black,South Africa,,,,,,,,,,,,,,,,,,,
"Other Laptops & Notebooks - ASUS VivoBook S551LA CJ086H | AS-S551LA-CJ086H was listed for R9,958.80 on 31 Oct at 00:52 by FirstShop in Johannesburg (ID:161223923)",3-cell,38 cm x 25.8 cm x 2.25 cm,15.6 '' LED backlight touchscreen 1366 x 768 / HD,,,Intel HD Graphics 4400,4 GB DDR3,"802.11n , Bluetooth 4.0 , Gigabit Ethernet",Windows 8,DVD SuperMulti,Intel Core i5 ( 4th Gen ) 4200U / 1.6 GHz ( 2.6 GHz ) / 3 MB Cache,ASUS VivoBook S551LA CJ086H - 15.6 '' - Core i5 4200U - Windows 8 - 4 GB RAM - 750 GB HDD,Ultrabook,,750 GB HDD / 5400 rpm,2.4 kg,,,,,,,,,,,,,,,,,,,,,,,3 GB ASUS WebStorage ( 3 years ),,,,,,,
Mecer - Mecer Convertible Classmate Netbook for sale in Johannesburg (ID:163013874),,,,,,Embedded Intel Integrated Graphics W/Share Memory,4GB DDR3-1600,,Microsoft Windows 8.1 with Bing 64Bit Multi Language,,"Intel¨ Dual Core Celeronª 847 , 1.1Ghz , 2MB Cache",,,,,1.2kg,,Intel¨ NM70,,500GB SATA HDD w/G-Sensor,,,,,,,,,,,,,,,,,,,,,,,,,,
Other Laptops & Notebooks - Lenovo Yoga 2 Pro | 59425934 for sale in Johannesburg (ID:161123751),,33 cm 1.55 cm,13.3 '' LED backlight touchscreen 3200 x 1800,,,Intel HD Graphics 4400,DDR3L,802.11n,,No optical drive,Intel Core i7 ( 4th Gen ) 4510U / 4 MB Cache,Lenovo Yoga 2 Pro - 13.3 '' - Core i7 4510U - 256 GB SSD,,,256 GB SSD,,,,,,,,,,,,,,360 degree flip design,,,,,,,,,Ultrabook,,,,,,,,
Other Laptops & Notebooks - HP ProBook 450 G2 | J4S48EA for sale in Johannesburg (ID:164395901),4-cell,37.5 cm x 26.28 cm x 2.55 cm,15.6 '' LED backlight 1366 x 768 / HD,,,Intel HD Graphics 4400,4 GB DDR3L,"802.11n , Bluetooth 4.0 , Gigabit Ethernet",Windows 7 Pro 64-bit / Windows 8.1 Pro downgrade - pre-installed : Windows 7,DVD SuperMulti,Intel Core i3 ( 4th Gen ) 4030U / 1.9 GHz / 3 MB Cache,HP ProBook 450 G2 - 15.6 '' - Core i3 4030U - Windows 7 Pro 64-bit / Windows 8.1 Pro downgrade - 4 GB RAM - 500 GB HDD,Notebook,"Trusted Platform Module ( TPM 1.2 ) Security Chip , fingerprint reader",500 GB HDD / 5400 rpm,2.26 kg,,,,,,,,,,,,,,,,,,,,,,,,,,,,,,
"Other Laptops & Notebooks - HP ZBook 15 Mobile | F0U67EA was listed for R33,598.80 on 25 Oct at 01:03 by FirstShop in Johannesburg (ID:162050167)",8-cell,38.15 cm x 25.7 cm x 3.55 cm,15.6 '' LED backlight Full HD UWVA eDP anti-glare 1920 x 1080 / Full HD,Yes,,NVIDIA Quadro K2100M - 2 GB GDDR5,16 GB DDR3L,"802.11n , Bluetooth 4.0 LE , Gigabit Ethernet",Windows 7 Pro 64-bit / 8 Pro downgrade - pre-installed : Windows 7,DVD SuperMulti,Intel Core i7 ( 4th Gen ) 4800MQ / 2.7 GHz ( 3.7 GHz ) / 6 MB Cache,HP ZBook 15 Mobile Workstation - 15.6 '' - Core i7 4800MQ - Windows 7 Pro 64-bit / 8 Pro downgrade - 16 GB RAM - 256 GB SSD,Notebook,"Trusted Platform Module ( TPM 1.2 ) Security Chip , fingerprint reader , SmartCard reader",256 GB SSD Self Encrypting Drive,2.93 kg,,,,,,,,,,"Graphite , hematite",,,,,,,,,,,,,,,,,,,,
Other Laptops & Notebooks - HP EliteBook 850 G1 | H5G85EA for sale in Johannesburg (ID:160933037),3-cell,37.5 cm x 25.3 cm x 2.142 cm,15.6 '' LED backlight Full HD standard-viewing angle ( SVA ) anti-glare 1920 x 1080 / Full HD,Yes,"ENERGY STAR Qualified , EPEAT Gold",Intel HD Graphics 4400,4 GB DDR3L,"802.11n , Bluetooth 4.0 EDR , Gigabit Ethernet",Windows 7 Pro 64-bit / 8 Pro downgrade - pre-installed : Windows 7,No optical drive,Intel Core i5 ( 4th Gen ) 4200U / 1.6 GHz ( 2.6 GHz ) / 3 MB Cache,HP EliteBook 850 G1 - 15.6 '' - Core i5 4200U - Windows 7 Pro 64-bit / 8 Pro downgrade - 4 GB RAM - 500 GB HDD,Notebook,"Trusted Platform Module ( TPM 1.2 ) Security Chip , fingerprint reader , SmartCard reader",500 GB HDD / 7200 rpm,1.88 kg,,,,,,,,,3G,,,,,,,,,,,,,,,,,,,,,
"Other Laptops & Notebooks - Dell Latitude 3540 BTX | CA011L35406EM was listed for R13,186.80 on 4 Nov at 00:44 by FirstShop in Johannesburg (ID:158885537)",6-cell,37.6 cm x 25.9 cm x 3.13 cm,15.6 '' WLED 1920 x 1080 / Full HD,,ENERGY STAR Qualified,AMD Radeon HD 8850M - 2 GB GDDR5,8 GB DDR3L,"802.11n , Bluetooth 4.0 , Gigabit Ethernet",Windows 8.1 Pro 64-bit,DVD-Writer,Intel Core i5 ( 4th Gen ) 4210U / 1.7 GHz ( 2.7 GHz ) / 3 MB Cache,Dell Latitude 3540 BTX - 15.6 '' - Core i5 4210U - Windows 8.1 Pro 64-bit - 8 GB RAM - 1 TB HDD,Notebook,,1 TB HDD / 5400 rpm,2.35 kg,,,,,,,,,,,,3 years warranty,,,,,,,,,,,Dell Channel 38M Basic Next Business Day Warranty,,,,,,,
"Other Laptops & Notebooks - Acer Aspire S7-392-74508G25tws - 13.3"" | NX.MBKEA.007 for sale in Johannesburg (ID:158733964)",4-cell - up to 7 hours,32.3 cm x 22.3 cm x 1.29 cm,13.3 '' LED backlight touchscreen 2560 x 1440 / WQHD,,,Intel HD Graphics 4400,8 GB DDR3L,"802.11n , Bluetooth 4.0",Windows 8.1 Single Language 64-bit,No optical drive,Intel Core i7 ( 4th Gen ) 4500U / 1.8 GHz ( 3 GHz ) / 4 MB Cache,Acer Aspire S7-392-74508G25tws - 13.3 '' - Core i7 4500U - Windows 8.1 Single Language 64-bit - 8 GB RAM - 256 GB SSD,Ultrabook,,256 GB SSD,1.3 kg,,,,,,,,,,"White , silver",South Africa,,,,,,,,,,,,,,,,,,,
"Other Laptops & Notebooks - Acer TravelMate - 15.6"" - 4 | NX.V8WEA.022 for sale in Johannesburg (ID:158050433)",4-cell - up to 4 hours,38.16 cm x 25.6 cm x 2.53 cm,15.6 '' LED backlight 1366 x 768 / HD - matt,,ENERGY STAR Qualified,Intel HD Graphics,4 GB DDR3L,"Bluetooth , 802.11n , Gigabit Ethernet",Windows 7 Pro 64-bit,DVD SuperMulti,Intel Core i7 ( 4th Gen ) 4500U / 1.8 GHz ( 3 GHz ) / 4 MB Cache,Acer TravelMate P255-M-74504G1TMnkk - 15.6 '' - Core i7 4500U - Windows 7 Pro 64-bit - 4 GB RAM - 1 TB HDD,Notebook,,1 TB HDD / 5400 rpm,2.35 kg,,,,,,,,,,Black,South Africa,,,,,,,,,,,,,,,,,,,
"Other Laptops & Notebooks - HP EliteBook 8570p - 15.6"" | C3D21ES for sale in Johannesburg (ID:137915100)",6-cell,37.4 cm x 25.1 cm x 3.4 cm,15.6 '' LED backlight 1600 x 900 / HD+,Yes,,AMD Radeon HD 7570M - 1 GB GDDR5,4 GB DDR3,"802.11n , Bluetooth 4.0 EDR , Gigabit Ethernet , wireless cellular modem",Windows 7 Pro 64-bit / 8 Pro downgrade - pre-installed : Windows 7,DVD SuperMulti,Intel Core i7 ( 3rd Gen ) 3540M / 3 GHz ( 3.7 GHz ) / 4 MB Cache,HP EliteBook 8570p - 15.6 '' - Core i7 3540M - Windows 7 Pro 64-bit / 8 Pro downgrade - 4 GB RAM - 500 GB HDD,Notebook,"Trusted Platform Module ( TPM 1.2 ) Security Chip , fingerprint reader , SmartCard reader",500 GB HDD / 7200 rpm,2.71 kg,,,,,,,,,3G,Platinum,,,,,,,,,,,,,,,,,,,,
"ASUS - Asus - N750JV-T4224P high end gaming Notebook was listed for R19,492.86 on 1 Nov at 17:31 by PC group SA in Johannesburg (ID:162664601)","69WHrs , 6260mAh,3S2P , 6-cell Li-ion Polymer Battery Pack",,,,,,,,Win8 pro,9.5mm SATA 6X Blu-Ray ( Read + Write ),,,,,,,,,,,,,,,,,,,,,,,,,,2,,,,,,,,,,
Other Laptops & Notebooks - Lenovo ThinkPad X240 20AL | 20AL009YZA for sale in Johannesburg (ID:164202157),3-cell,30.55 cm x 20.85 cm x 1.99 cm,12.5 '' LED backlight 1366 x 768 / HD,Yes,ENERGY STAR Qualified,Intel HD Graphics 4400,4 GB DDR3L,"802.11n , Gigabit Ethernet",Windows 8.1 Pro 64-bit,No optical drive,Intel Core i5 ( 4th Gen ) 4200U / 1.6 GHz ( 2.6 GHz ) / 3 MB Cache,Lenovo ThinkPad X240 20AL - 12.5 '' - Core i5 4200U - Windows 8.1 Pro 64-bit - 4 GB RAM - 500 GB HDD,Notebook,"Trusted Platform Module ( TPM 1.2 ) Security Chip , fingerprint reader",500 GB HDD / 7200 rpm,1.31 kg,,,,,,,,,WWAN upgradable,,,,,,,,,,,,,,,,,,,,,
"Other Laptops & Notebooks - Dell - 14"" - Core i5 | CA032LE54408EDBSAF for sale in Johannesburg (ID:162342818)",9-cell,37.6 cm x 25.6 cm x 3.67 cm,15.6 '' LED backlight 1920 x 1080 / Full HD,Yes,ENERGY STAR Qualified,NVIDIA Quadro K1100M - 2 GB GDDR5,8 GB DDR3L,"Bluetooth 4.0 , 802.11ac , Gigabit Ethernet",Windows 7 Pro 64-bit,DVD-Writer,Intel Core i7 ( 4th Gen ) 4810MQ / 2.8 GHz ( 3.8 GHz ) / 6 MB Cache,Dell Precision Mobile Workstation M4800 - 15.6 '' - Core i7 4810MQ - Windows 7 Pro 64-bit - 8 GB RAM - 500 GB Hybrid Drive,Notebook,SmartCard reader,500 GB Hybrid Drive ( 8 GB flash ) / 5400 rpm,2.89 kg,,,,,,,,,,,,3 years warranty,,,,,,,,,,,,,,,,,,
"Other Laptops & Notebooks - Acer Extensa 2510-71K0 - 15.6"" | NX.EEXEA.004 for sale in Johannesburg (ID:158733989)",6-cell,38.16 cm x 25.6 cm x 3.04 cm,15.6 '' LED backlight 1366 x 768 / HD - matt,,ENERGY STAR Qualified,Intel HD Graphics,4 GB DDR3L,"Bluetooth , 802.11n , Gigabit Ethernet",Windows 8.1 Single Language 64-bit,DVD SuperMulti,Intel Core i7 ( 4th Gen ) 4510U / 2 GHz ( 3.1 GHz ) / 4 MB Cache,Acer Extensa 2510-71K0 - 15.6 '' - Core i7 4510U - Windows 8.1 Single Language 64-bit - 4 GB RAM - 1 TB HDD,Notebook,,1 TB HDD / 5400 rpm,2.5 kg,,,,,,,,,,Black,South Africa,,,,,,,,,,,,,,,,,,,
"Other Laptops & Notebooks - HP EliteBook Folio 9470m | C3C98ES was listed for R24,958.80 on 26 Oct at 01:03 by FirstShop in Johannesburg (ID:164474473)",,33.8 cm x 23.1 cm x 1.895 cm,14 '' LED backlight 1366 x 768 / HD,Yes,"ENERGY STAR Qualified , EPEAT Gold",Intel HD Graphics 4000,4 GB DDR3,"802.11n , Bluetooth 4.0 HS , Gigabit Ethernet",Windows 7 Pro 64-bit,No optical drive,Intel Core i7 ( 3rd Gen ) 3667U / 2 GHz ( 3.2 GHz ) / 4 MB Cache,HP EliteBook Folio 9470m - 14 '' - Core i7 3667U - Windows 7 Pro 64-bit - 4 GB RAM - 256 GB SSD,Ultrabook,"Trusted Platform Module ( TPM 1.2 ) Security Chip , fingerprint reader , SmartCard reader",256 GB SSD,1.61 kg,,,,,,,,,3G,Platinum,,,,,,,,,,,,,,,,,,,,
Other Laptops & Notebooks - HP EliteBook Mobile Workstation | LG660EA for sale in Johannesburg (ID:137911666),8-cell,38.2 cm x 25.8 cm x 3.8 cm,15.6 '' LED backlight Full HD WVA anti-glare 1920 x 1080 / Full HD,Yes,"ENERGY STAR Qualified , EPEAT Gold",AMD FirePro M5950 - 1 GB GDDR5,4 GB DDR3,"802.11n , Bluetooth 2.1 EDR , Gigabit Ethernet , fax / modem",Windows 7 Pro 64-bit,DVD SuperMulti DL,Intel Core i5 ( 2nd Gen ) 2540M / 2.6 GHz ( 3.3 GHz ) / 3 MB Cache,HP EliteBook Mobile Workstation 8560w - 15.6 '' - Core i5 2540M - Windows 7 Pro 64-bit - 4 GB RAM - 500 GB HDD,Notebook,"Trusted Platform Module ( TPM 1.2 ) Security Chip , fingerprint reader , SmartCard reader",500 GB HDD / 7200 rpm,3.1 kg,,,,,,,,,,,,,,Includes a pre-loaded image of select Microsoft Office 2010 suites . Purchase an Office 2010 Product Key Card or disc to activate preloaded software on this PC .,,,,,,,,,,,,,,,,
"IBM, Lenovo - LENOVO THINKPAD ULTRABOOK - T430 | CORE i5 2.6GHz | 8GIG RAM | 320GB HDD | LAPTOP was listed for R4,500.00 on 21 Oct at 15:46 by TradeRouteAuctions in Johannesburg (ID:164525280)",,,,,,,,,Windows 7,,Intel Core i5 ~ 2.6Ghz,,,,,,,,,,,,,,,,,,,,,,,,,,,,,,,,INTEL HD GRAPHICS 1696 MB,320GB,8 GB DDR3 1600 MHz,
"Other Laptops & Notebooks - TOSHIBA PORTEGE Z930-F848 - Toshiba was listed for R10,987.00 on 4 Nov at 01:56 by PC LINK COMPUTERS in Johannesburg (ID:157343604)",,,13.3 '' Anti-Glare LED,,,Intel,6GB DDR3,,,N/A,,,,TPM / AMT / SSD Alert,,1.12kg,,,,,,,,,,,,,,,Spill Resistant STD,,128GB mSATA SSD,Z930-F848,Win 8 Pro,3 Years,WLAN+ BT,,,Silver,i3-3217U,10/100 / 1000,,,,
Other Laptops & Notebooks - HP ZBook 17 Mobile | E9X01AW for sale in Johannesburg (ID:139317962),8-cell,41.6 cm x 27.2 cm x 3.4 cm,17.3 '' LED backlight Full HD WVA anti-glare 1920 x 1080 / Full HD,Yes,ENERGY STAR Qualified,NVIDIA Quadro K3100M - 4 GB GDDR5,4 GB DDR3L,"802.11n , Bluetooth 4.0 LE , Gigabit Ethernet",Windows 7 Pro 64-bit / 8 Pro downgrade - pre-installed : Windows 7,DVD SuperMulti,Intel Core i5 ( 4th Gen ) 4330M / 2.8 GHz ( 3.5 GHz ) / 3 MB Cache,HP ZBook 17 Mobile Workstation - 17.3 '' - Core i5 4330M - Windows 7 Pro 64-bit / 8 Pro downgrade - 4 GB RAM - 500 GB HDD,Notebook,"Trusted Platform Module ( TPM 1.2 ) Security Chip , fingerprint reader , SmartCard reader",500 GB HDD / 7200 rpm,3.46 kg,,,,,,,,,,"Graphite , hematite",,,,,,,,,,,,,,,,,,,,
"Other Laptops & Notebooks - HP 250 G2 - 15.6"" | F0Z26EA for sale in Johannesburg (ID:147017110)",4-cell,37.84 cm x 25.92 cm x 2.81 cm,15.6 '' LED backlight 1366 x 768 / HD,,ENERGY STAR Qualified,Intel HD Graphics 4000,4 GB DDR3L,"802.11n , Bluetooth 4.0 , 10/100 Ethernet",Windows 8.1 64-bit,DVD SuperMulti,Intel Pentium N3510 / 2 GHz / 2 MB Cache,HP 250 G2 - 15.6 '' - Pentium N3510 - Windows 8.1 64-bit - 4 GB RAM - 500 GB HDD,Notebook,,500 GB HDD / 5400 rpm,2.5 kg,,,,,,,,,,Black licorice,,,,,,,,,,,,,,,,,,,,
Other Laptops & Notebooks - HP ZBook 15 Mobile | E9X18AW for sale in Johannesburg (ID:137912270),8-cell,38.15 cm x 25.7 cm x 3.55 cm,15.6 '' LED backlight Full HD SVA eDP anti-glare 1920 x 1080 / Full HD,Yes,ENERGY STAR Qualified,NVIDIA Quadro K1100M - 2 GB GDDR5,4 GB DDR3L,"Bluetooth 4.0 LE , 802.11ac , Gigabit Ethernet",Windows 7 Pro 64-bit,DVD SuperMulti,Intel Core i5 ( 4th Gen ) 4330M / 2.8 GHz ( 3.5 GHz ) / 3 MB Cache,HP ZBook 15 Mobile Workstation - 15.6 '' - Core i5 4330M - Windows 7 Pro 64-bit - 4 GB RAM - 500 GB HDD,Notebook,"Trusted Platform Module ( TPM 1.2 ) Security Chip , fingerprint reader , SmartCard reader",500 GB HDD / 7200 rpm,2.93 kg,,,,,,,,,,"Graphite , hematite",,,,,,,,,,,,,,,,,,,,
"Other Laptops & Notebooks - Acer TravelMate P645-M-74508G25tkk - 14"" | NX.V8VEA.013 for sale in Johannesburg (ID:158734245)",3-cell - up to 8 hours,32.87 cm x 23.55 cm x 2.08 cm,14 '' LED backlight 1920 x 1080 / Full HD - matt,,ENERGY STAR Qualified,Intel HD Graphics 4400,8 GB DDR3L,"802.11n , Bluetooth 4.0 , Gigabit Ethernet",Windows 7 Pro 64-bit / 8.1 Pro 64-bit,No optical drive,Intel Core i7 ( 4th Gen ) 4500U / 1.8 GHz ( 3 GHz ) / 4 MB Cache,Acer TravelMate P645-M-74508G25tkk - 14 '' - Core i7 4500U - Windows 7 Pro 64-bit / 8.1 Pro 64-bit - 8 GB RAM - 256 GB SSD,Notebook,"Trusted Platform Module ( TPM ) Security Chip , fingerprint reader",256 GB SSD,1.52 kg,,,,,,,,,,Black,South Africa,,,,,,,,,,,,,,,,,,,
Other Laptops & Notebooks - HP ProBook 450 G2 | J4S34EA for sale in Johannesburg (ID:158734077),4-cell - up to 9 hours,37.5 cm x 26.28 cm x 2.55 cm,15.6 '' LED backlight 1366 x 768 / HD,,ENERGY STAR Qualified,AMD Radeon R5 M255 / Intel HD Graphics 4400 - 2 GB DDR3,8 GB DDR3L,"802.11n , Bluetooth 4.0 , Gigabit Ethernet",Windows 7 Pro 64-bit / Windows 8.1 Pro downgrade - pre-installed : Windows 7,DVD SuperMulti,Intel Core i7 ( 4th Gen ) 4510U / 2 GHz ( 3.1 GHz ) / 4 MB Cache,HP ProBook 450 G2 - 15.6 '' - Core i7 4510U - Windows 7 Pro 64-bit / Windows 8.1 Pro downgrade - 8 GB RAM - 1 TB HDD,Notebook,"Trusted Platform Module ( TPM 1.2 ) Security Chip , fingerprint reader",1 TB HDD / 5400 rpm,2.26 kg,,,,,,,,,,,,,,,,,,,,,,,,,,,,,,
Other Laptops & Notebooks - Lenovo ThinkPad E540 20C6 | 20C600HHZA for sale in Johannesburg (ID:161481420),6-cell,37.7 cm x 25 cm x 2.96 cm,15.6 '' LED backlight 1366 x 768 / HD,Yes,ENERGY STAR Qualified,NVIDIA GeForce 840M / Intel HD Graphics 4600 - 2 GB,8 GB DDR3L,"802.11n , Gigabit Ethernet",Windows 8.1 64-bit,DVD-Writer,Intel Core i7 ( 4th Gen ) 4702MQ / 2.2 GHz ( 3.2 GHz ) / 6 MB Cache,Lenovo ThinkPad E540 20C6 - 15.6 '' - Core i7 4702MQ - Windows 8.1 64-bit - 8 GB RAM - 1 TB HDD,Notebook,Trusted Platform Module ( TPM 1.2 ) Security Chip,1 TB HDD / 5400 rpm,2.46 kg,,,,,,,,,,,,,,,,,,,,,,,,,,,,,,
Other Laptops & Notebooks - Samsung Series 5 Ultra | NP530U4B-S03ZA for sale in Johannesburg (ID:137911967),8-cell,33.3 cm x 22.95 cm x 2.09 cm,14 '' LED backlight 1366 x 768 / HD,,"ENERGY STAR Qualified , EPEAT Gold",AMD Radeon HD 7550M - 1 GB DDR3,4 GB DDR3,"802.11n , Bluetooth 3.0 HS , Gigabit Ethernet",Windows 7 Home Premium 64-bit,DVD SuperMulti,Intel Core i5 ( 2nd Gen ) 2467M / 1.6 GHz ( 2.3 GHz ) / 3 MB Cache,Samsung Series 5 Ultra 530U4B - 14 '' - Core i5 2467M - Windows 7 Home Premium 64-bit - 4 GB RAM - 1 TB HDD,Ultrabook,,1 TB HDD / 5400 rpm + 16 GB SSD cache,1.79 kg,,,,,,,,,,,,,,Includes a pre-loaded image of select Microsoft Office 2010 suites . Purchase an Office 2010 Product Key Card or disc to activate preloaded software on this PC .,,,,,,,,,,,,,,,,
Other Laptops & Notebooks - Lenovo ThinkPad Helix 3698 | N3Z43ZA for sale in Johannesburg (ID:155333728),Up to 5.6 hours,29.61 cm x 22.6 cm x 2.04 cm,11.6 '' LED backlight touchscreen VibrantView 1920 x 1080 / Full HD,Yes,"ENERGY STAR Qualified , EPEAT Gold",Intel HD Graphics 4000,4 GB DDR3L,"802.11n , Bluetooth 4.0",Windows 8 Pro 64-bit,No optical drive,Intel Core i5 ( 3rd Gen ) 3337U / 1.8 GHz ( 2.7 GHz ) / 3 MB Cache,Lenovo ThinkPad Helix 3698 - 11.6 '' - Core i5 3337U - Windows 8 Pro 64-bit - 4 GB RAM - 256 GB SSD,Ultrabook,Trusted Platform Module ( TPM 1.2 ) Security Chip,256 GB SSD,1.6 kg,,,,,,,,,3G,Black,,3 years warranty,Keyboard dock,,,,,,,,,,,,,,,,,
Other Laptops & Notebooks - Lenovo ThinkPad Helix 3698 | N3Z45ZA for sale in Johannesburg (ID:149228063),,29.61 cm x 22.6 cm x 2.04 cm,11.6 '' LED backlight touchscreen 1920 x 1080 / Full HD,,"ENERGY STAR Qualified , EPEAT Gold",Intel HD Graphics 4000,4 GB DDR3L,"802.11n , Bluetooth 4.0",Windows 8 Pro,No optical drive,Intel Core i7 ( 3rd Gen ) 3667U / 2 GHz ( 3.2 GHz ) / 4 MB Cache,Lenovo ThinkPad Helix 3698 - 11.6 '' - Core i7 3667U - Windows 8 Pro - 4 GB RAM - 256 GB SSD,Ultrabook,,256 GB SSD,1.7 kg,,,,,,,,,,Black,,3 years warranty,Keyboard dock,,,,,,,,,,,,,,,,,
"Other Laptops & Notebooks - Dell Latitude E6540 - 15.6"" | CA6LE65408WEREM was listed for R21,478.80 on 24 Oct at 01:06 by FirstShop in Johannesburg (ID:164202141)",9-cell,37.9 cm x 25.05 cm x 3.34 cm,15.6 '' LED backlight 1920 x 1080 / Full HD,Yes,,AMD Radeon HD 8790M - 2 GB GDDR5,8 GB DDR3L,"802.11n , Gigabit Ethernet",Windows 7 Pro 64-bit - Czech / Hungarian / Polish/ Slovak / English,DVD-Writer,Intel Core i7 ( 4th Gen ) 4800MQ / 2.7 GHz ( 3.7 GHz ) / 6 MB Cache,Dell Latitude E6540 - 15.6 '' - Core i7 4800MQ - Windows 7 Pro 64-bit - 8 GB RAM - 500 GB Hybrid Drive,,,500 GB Hybrid Drive / 5400 rpm + 8 GB SSD cache,2.36 kg,,,,,,,,,WWAN,,,3 years warranty,,,,,,,,,,Notebook - rugged,3 Years Dell ProSupport,,,,,,,
Other Laptops & Notebooks - HP EliteBook 820 G1 | J8Q78EA for sale in Johannesburg (ID:164395968),3-cell - up to 13.25 hours,31 cm x 21.53 cm x 2.1 cm,12.5 '' LED backlight 1366 x 768 / HD,Yes,ENERGY STAR Qualified,Intel HD Graphics 4400,8 GB DDR3L,"Bluetooth 4.0 HS , 802.11ac , Gigabit Ethernet",Windows 7 Pro 64-bit / Windows 8.1 Pro downgrade - pre-installed : Windows 7,No optical drive,Intel Core i7 ( 4th Gen ) 4510U / 2 GHz ( 3.1 GHz ) / 4 MB Cache,HP EliteBook 820 G1 - 12.5 '' - Core i7 4510U - Windows 7 Pro 64-bit / Windows 8.1 Pro downgrade - 8 GB RAM - 256 GB SSD,Notebook,"Trusted Platform Module ( TPM 1.2 ) Security Chip , fingerprint reader , SmartCard reader",256 GB SSD Self Encrypting Drive,1.42 kg,,,,,,,,,4G - no service included,,,,,,,,,,,,,,,,,,,,,
Other Laptops & Notebooks - Lenovo ThinkPad S440 20AY | 20AY001NZA for sale in Johannesburg (ID:147826865),4-cell,33.28 cm x 22.48 cm x 2.03 cm,14 '' LED backlight 1600 x 900 / HD+,,"ENERGY STAR Qualified , EPEAT Gold",AMD Radeon HD 8670M - 2 GB,4 GB DDR3L,"802.11n , Bluetooth 4.0 , Gigabit Ethernet",Windows 8 Pro 64-bit,No optical drive,Intel Core i7 ( 4th Gen ) 4500U / 1.8 GHz ( 3 GHz ) / 4 MB Cache,Lenovo ThinkPad S440 20AY - 14 '' - Core i7 4500U - Windows 8 Pro 64-bit - 4 GB RAM - 500 GB HDD,Notebook,Trusted Platform Module ( TPM 1.2 ) Security Chip,500 GB HDD / 7200 rpm,1.78 kg,,,,,,,,,,,,,,,,,,,,,,,,,,,,,,
Other Laptops & Notebooks - Lenovo ThinkPad W540 20BG | 20BG002DZA for sale in Johannesburg (ID:159961467),9-cell - up to 11.1 hours,37.66 cm x 24.81 cm x 2.95 cm,15.6 '' LED backlight 1920 x 1080 / Full HD,Yes,"ENERGY STAR Qualified , EPEAT Gold",,8 GB DDR3L,"Bluetooth 4.0 , Gigabit Ethernet",Windows 8 Pro 64-bit,DVD-Writer,Intel Core i7 ( 4th Gen ) 4700MQ / 2.4 GHz ( 3.4 GHz ) / 6 MB Cache,Lenovo ThinkPad W540 20BG - 15.6 '' - Core i7 4700MQ - Windows 8 Pro 64-bit - 8 GB RAM - 1 TB HDD,Notebook,"Trusted Platform Module ( TPM 1.2 ) Security Chip , fingerprint reader",1 TB HDD / 5400 rpm,2.7 kg,,,,,,,,,WWAN upgradable,,,,,,,,,,,,,,,,,,,,,
"Other Laptops & Notebooks - Lenovo ThinkPad S540 Touch | 20B3000MZA was listed for R10,798.80 on 4 Nov at 00:44 by FirstShop in Johannesburg (ID:161123742)",4-cell - up to 7 hours,37.9 cm x 25.24 cm x 2.07 cm,15.6 '' LED backlight 1366 x 768 / HD,Yes,ENERGY STAR Qualified,Intel HD Graphics 4400,4 GB DDR3L,"802.11n , Bluetooth 4.0 , Gigabit Ethernet",Windows 8 Pro 64-bit,No optical drive,Intel Core i5 ( 4th Gen ) 4200U / 1.6 GHz ( 2.6 GHz ) / 3 MB Cache,Lenovo ThinkPad S540 - 15.6 '' - Core i5 4200U - Windows 8 Pro 64-bit - 4 GB RAM - 500 GB HDD,Notebook,Trusted Platform Module ( TPM 1.2 ) Security Chip,500 GB HDD / 7200 rpm,2.11 kg,,,,,,,,,WWAN,,,,,,,,,,,,,,,,,,,,,
Other Laptops & Notebooks - HP ProBook 470 G2 | G6W57EA for sale in Johannesburg (ID:161334117),6-cell,41.38 cm x 27.95 cm x 3.22 cm,17.3 '' LED backlight 1920 x 1080 / Full HD,,ENERGY STAR Qualified,AMD Radeon R5 M255 - 2 GB DDR3,8 GB DDR3L,"802.11n , Bluetooth 4.0 LE , Gigabit Ethernet",Windows 7 Pro 64-bit / Windows 8.1 Pro downgrade - pre-installed : Windows 7,DVD SuperMulti,Intel Core i5 ( 4th Gen ) 4210U / 1.7 GHz ( 2.7 GHz ) / 3 MB Cache,HP ProBook 470 G2 - 17.3 '' - Core i5 4210U - Windows 7 Pro 64-bit / Windows 8.1 Pro downgrade - 8 GB RAM - 1 TB HDD,Notebook,"Trusted Platform Module ( TPM 1.2 ) Security Chip , fingerprint reader",1 TB HDD / 5400 rpm,2.95 kg,,,,,,,,,,,,,,,,,,,,,,,,,,,,,,
Other Laptops & Notebooks - Lenovo ThinkPad T440p 20AN | 20AN0028ZA for sale in Johannesburg (ID:137914394),6-cell - up to 7.2 hours,33.5 cm x 22.91 cm x 2.995 cm,14 '' LED backlight 1600 x 900 / HD+,Yes,"ENERGY STAR Qualified , EPEAT Gold",NVIDIA GeForce GT 730M / Intel HD Graphics 4600 - 1 GB,8 GB DDR3L,"802.11n , Gigabit Ethernet",Windows 8 Pro 64-bit,,Intel Core i7 ( 4th Gen ) 4700MQ / 2.4 GHz ( 3.4 GHz ) / 6 MB Cache,Lenovo ThinkPad T440p 20AN - 14 '' - Core i7 4700MQ - Windows 8 Pro 64-bit - 8 GB RAM - 1 TB HDD,Notebook,"Trusted Platform Module ( TPM 1.2 ) Security Chip , fingerprint reader",1 TB HDD / 5400 rpm,2.16 kg,,,,,,,,,WWAN upgradable,,,,,,,,,,,,,,,,,,,,,
Other Laptops & Notebooks - TOSHIBA SATELLITE L870-F0059 - Toshiba for sale in Johannesburg (ID:157342104),,,17.3 '' HD+ LED,,,AMD 1GB,6GB DDR3,,,Super Multi DVD,,,,,,2.7kg,,,,,,,,,,,,,,,STD + Num,,750GB,L870-F0059,Win 8SL,1 Year,WLAN+ BT,,,Silver,i5-3230M 2.6GHz,10/100/1000,,,,
Other Laptops & Notebooks - Lenovo ThinkPad E540 20C6 | 20C600GGZA for sale in Johannesburg (ID:161481341),6-cell,37.7 cm x 25 cm x 2.96 cm,15.6 '' LED backlight 1366 x 768 / HD,Yes,ENERGY STAR Qualified,NVIDIA GeForce 840M / Intel HD Graphics 4600 - 2 GB,8 GB DDR3L,"802.11n , Bluetooth 4.0 , Gigabit Ethernet",Windows 8.1 64-bit,DVD-Writer,Intel Core i7 ( 4th Gen ) 4712MQ / 2.3 GHz ( 3.3 GHz ) / 6 MB Cache,Lenovo ThinkPad E540 20C6 - 15.6 '' - Core i7 4712MQ - Windows 8.1 64-bit - 8 GB RAM - 1 TB HDD,Notebook,"Trusted Platform Module ( TPM 1.2 ) Security Chip , fingerprint reader",1 TB HDD / 5400 rpm,2.46 kg,,,,,,,,,WWAN,,,,,,,,,,,,,,,,,,,,,
Other Laptops & Notebooks - HP ProBook 640 G1 | H5G64EA for sale in Johannesburg (ID:137910185),6-cell,34 cm x 23.7 cm x 2.9 cm,14 '' LED backlight HD SVA eDP anti-glare 1366 x 768 / HD,Yes,"ENERGY STAR Qualified , EPEAT Gold",Intel HD Graphics 4600,4 GB DDR3L,"802.11n , Bluetooth 4.0 HS , Gigabit Ethernet",Windows 7 Pro 64-bit / 8 Pro downgrade - pre-installed : Windows 7,DVD SuperMulti,Intel Core i3 ( 4th Gen ) 4000M / 2.4 GHz / 3 MB Cache,HP ProBook 640 G1 - 14 '' - Core i3 4000M - Windows 7 Pro 64-bit / 8 Pro downgrade - 4 GB RAM - 500 GB HDD,Notebook,"Trusted Platform Module ( TPM 1.2 ) Security Chip , SmartCard reader",500 GB HDD / 7200 rpm,2 kg,,,,,,,,,,,,,,,,,,,,,,,,,,,,,,
Other Laptops & Notebooks - Lenovo G50-70 - Core i3 | 59424761 for sale in Johannesburg (ID:161123827),,,LED backlight,,,,4 GB DDR3L,,,,Intel Core i3 ( 4th Gen ) / 3 MB Cache,Lenovo G50-70 - Core i3 - 4 GB RAM - 500 GB HDD,,,500 GB HDD,,,,,,,,,,,,,,,,,,,,,,,Notebook,,,,,,,,
"Other Laptops & Notebooks - HP ProBook 450 G1 | E9Y49EA was listed for R7,399.00 on 24 Oct at 01:06 by FirstShop in Johannesburg (ID:152805172)",6-cell - up to 9.25 hours,37.5 cm x 25.6 cm x 2.9 cm,15.6 '' LED backlight HD anti-glare 1366 x 768 / HD,,"ENERGY STAR Qualified , EPEAT Gold",Intel HD Graphics 4600,4 GB DDR3L,"802.11n , Bluetooth 4.0 HS , Gigabit Ethernet",Windows 8 Pro 64-bit / Windows 7 Pro 64-bit downgrade - pre-installed : Windows 7,DVD SuperMulti,Intel Core i3 ( 4th Gen ) 4000M / 2.4 GHz / 3 MB Cache,HP ProBook 450 G1 - 15.6 '' - Core i3 4000M - Windows 8 Pro 64-bit / Windows 7 Pro 64-bit downgrade - 4 GB RAM - 500 GB HDD,Notebook,Fingerprint reader,500 GB HDD / 5400 rpm,2.37 kg,,,,,,,,,,,,,,,,,,,,,,,,,,,,,,
