<page title>,image format,image stabilization,lens mount,memory type,resolution,sensor details,video recording format,viewfinder type,special attribute,zoom range,flash unit,weight,autofocus array
Olympus OM-D E-M5 Silver w/14-42 IIR Lens,M-43,IBIS (In Body Stabilization),Micro 4/3,SDHC-SDXC,16.1 mp,CMOS,Full HD,EVF - Electronic OLED,,,,,
Olympus TG-850 Digital Compact Camera,"1/2""",,,SDHC-SDXC,16mp,CMOS,,,Weatherproof,5x Optical,,,
Panasonic FT25 Digital Compact Camera,,,,SDHC-SDXC,,CCD,,LCD,Up to 7m waterproof,4x Optical,Inbuilt,,
Olympus PEN E-PM2 w/ 14-42mm IIR Lens,M-43,,Micro 4/3,SDHC-SDXC,16.1 mp,CMOS,Full HD,LCD,WI-Fi Enabled,,Bundled Clip On,,
Sony Alpha A6000 w/16-50 & 55-210mm Lens. Compact System Camera,APS-C,,Sony E,Memory Stick PRO Duo / Memory Stick PRO-HG Duo/ SD memory card / SDHC memory card / SDXC memory card,24.3,CMOS,Full 1080p HD,EVF - Electronic OLED,,,,,
Sony Cybershot DSC-RX100 II Digital Compact Camera,,,,SDHC-SDXC,20.2mp,CMOS,Full HD,,,3.6x Optical,Inbuilt,,
Canon PowerShot SX50 HS Digital Compact Camera,,Intelligent IS,,SDHC-SDXC,16mp,12.1mp,Full HD,Electronic EVF,24mm Equivalent Wide Angle,50x Optical Zoom,,,
Nikon D5300 Black - w/ 18-140mm VR ED Lens,DX -23.5 × 15.6mm,,Nikon,SDHC-SDXC,24.2mp,CMOS,,Penta-Mirror,"Expeed 4 Processor
Wi-Fi Enabled",,Inbuilt,,
Nikon D3300  w/ 18-55mm VR II Lens,DX -23.5 × 15.6mm,,Nikon,SDHC-SDXC,24.2mp,CMOS,,Penta-Mirror,,,Inbuilt,,
Canon EOS 70D Digital SLR Camera with 18-200mm IS Lens,APS-C,Lens Specific,Canon EF-S,SDHC-SDXC,20.2mp,CMOS,Full HD,Pentaprism,"Dual Pixel CMOS Sendor
WI-FI Enabled",,Inbuilt,,
Nikon Coolpix S2800 Digital Still Camera,,,,SDHC-SDXC,20mp,CCD,,Electronic,,5x Optical,Inbuilt,,
Sony α A65 Body,APS-C,,Sony A,"Memory Stick PRO Duo, Memory Stick PRO-HG Duo, Memory Stick XC-HG Duo, SD memory card, SDHC memory card, SDXC memory card",24.3 mp,CMOS,,EVF - Electronic OLED,,,Inbuilt,,
Sony Alpha A7 w/28-70 FF Lens Compact System Camera,Full Frame - FX,,Sony E,Memory Stick PRO Duo / Memory Stick PRO-HG Duo/ SD memory card / SDHC memory card / SDXC memory card,36.4,CMOS,Full 1080p HD,EVF - Electronic OLED,Wi-Fi Enabled,,,,
Nikon D3300 Black Twin Lens Kit. 18-55mm & 55-200mm Lenses.,DX -23.5 × 15.6mm,,Nikon,SDHC-SDXC,24.2mp,CMOS,,Penta-Mirror,,,Inbuilt,,
Olympus PEN E-P5 Black w/ 17mm f1.8 + VF-4 Viewfinder,M-43,IBIS (In Body Stabilization),Micro 4/3,SDHC-SDXC,16.1 mp,CMOS,Full HD,LCD,WI-Fi Enabled,,,,
Nikon Df DSLR  with AF-S 50mm F/1.8g  (Black),Full Frame - FX,,Nikon,Dual CF/SD Card Slots,36.3mp,CMOS,Full HD,Pentaprism,,,,900g,
Olympus PEN E-PL5 Body,M-43,,Micro 4/3,SDHC-SDXC,16.1 mp,CMOS,Full HD,LCD,WI-Fi Enabled,,Bundled Clip On,,
Canon EOS 6D Premium Kit,Full Frame - FX,,Canon EF,SDHC-SDXC,20.2mp,CMOS,ALL-I H264 .MOV,,,,,690g exc. Battery,11 af points
Sony Alpha A6000 w/16-50 Lens Compact System Camera,APS-C,,Sony E,Memory Stick PRO Duo / Memory Stick PRO-HG Duo/ SD memory card / SDHC memory card / SDXC memory card,24.3,CMOS,Full 1080p HD,EVF - Electronic OLED,,,,,
Panasonic Lumix DMC-LX7 Digital Compact Camera,,,,SDHC-SDXC,10.1mp,CMOS,,,,3.8x Optical,,,
Olympus SH-50 Black Digital Compact Camera,,,,SDHC-SDXC,16mp,CMOS,,,,24x Optical,Inbuilt,,
Nikon V2 Black Body,CX-13.2 mm x 8.8 mm,,Nikon 1,SDHC-SDXC,14.2mb,CMOS,1080p-30,Electronic,,,Integrated,,
Canon EOS 100D Body Only,APS-C,,Canon EF-S,SDHC-SDXC,18mp,CMOS,MPEG4,,,,,,
Nikon D3300 Black Twin Lens Kit. 18-55mm & 55-300mm Lenses.,DX -23.5 × 15.6mm,,Nikon,SDHC-SDXC,24.2mp,CMOS,,Penta-Mirror,,,Inbuilt,,
Sony ILCE A3000 w/ 18-55mm Lens,APS-C,,Sony E,Memory Stick PRO Duo / Memory Stick PRO-HG Duo/ SD memory card / SDHC memory card / SDXC memory card,20.1mp,CMOS,Full 1080p HD,,,,Hot Shoe Accessory,,
Olympus OM-D E-M10 Black Body Compact System Camera,M-43,IBIS (In Body Stabilization),Micro 4/3,SDHC-SDXC,16.1 mp,CMOS,Full HD,EVF - Electronic OLED,,,,,
Nikon D3300 Black Body Digital SLR,DX -23.5 × 15.6mm,,Nikon,SDHC-SDXC,24.2mp,CMOS,,Penta-Mirror,,,Inbuilt,460gm,
Olympus PEN E-PL5 Twin Lens Kit,M-43,,Micro 4/3,SDHC-SDXC,16.1 mp,CMOS,Full HD,LCD,WI-Fi Enabled,,Bundled Clip On,,
Nikon D610 Body Only Digital SLR Camera,Full Frame - FX,,Nikon,,24mp,CMOS,MPEG4,,,,Inbuilt,,45
Canon EOS 7D Body Only,APS-C,,Canon EF-S,Compact Flash,18mp,CMOS,MPEG4,,,,,,
Nikon Coolpix P340 Digital Still Camera,Other,Nikon VR (Lens),,SDHC-SDXC,12.2mp,CMOS,,Electronic,,5x Optical,Inbuilt,,
Olympus PEN E-P5 Black Body,M-43,IBIS (In Body Stabilization),Micro 4/3,SDHC-SDXC,16.1 mp,CMOS,Full HD,LCD,WI-Fi Enabled,,,,
Canon EOS 6D Body Only,Full Frame - FX,,Canon EF,SDHC-SDXC,20.2mp,CMOS,ALL-I H264 .MOV,,,,,690g exc. Battery,11 af points
Olympus OM-D E-M10 Silver Body Compact System Camera,M-43,IBIS (In Body Stabilization),Micro 4/3,SDHC-SDXC,16.1 mp,CMOS,Full HD,EVF - Electronic OLED,,,,,
Nikon D5300 Grey - w/ 18-55mm VR Lens,DX -23.5 × 15.6mm,,Nikon,SDHC-SDXC,24.2mp,CMOS,,Penta-Mirror,"Expeed 4 Processor
Wi-Fi Enabled",,Inbuilt,,
Panasonic XS1 Digital Compact Camera,,,,SDHC-SDXC,16mp,CCD,,,,5x Optical,,,
Canon EOS 7D Platinum Kit,APS-C,,Canon EF-S,Compact Flash,18mp,CMOS,MPEG4,,,,,,
Olympus OM-D E-M10 Silver with 14-42mm EZ and 40-150mm lenses,M-43,IBIS (In Body Stabilization),Micro 4/3,SDHC-SDXC,16.1 mp,CMOS,Full HD,EVF - Electronic OLED,,,,,
Olympus SZ-16 Black Digital Compact Camera,,,,SDHC-SDXC,16mp,CMOS,,,,24x Optical,Inbuilt,,
Canon EOS 70D Digital SLR Camera with STM 18-55mm Lens,APS-C,Lens Specific,Canon EF-S,SDHC-SDXC,20.2mp,CMOS,Full HD,Pentaprism,"Dual Pixel CMOS Sendor
WI-FI Enabled",,Inbuilt,,
Olympus OM-D E-M5 Silver Twin Lens Kit,M-43,IBIS (In Body Stabilization),Micro 4/3,SDHC-SDXC,16.1 mp,CMOS,Full HD,EVF - Electronic OLED,,,,,
Canon EOS 6D Advanced Kit,Full Frame - FX,,Canon EF,SDHC-SDXC,20.2mp,CMOS,ALL-I H264 .MOV,,,,,690g exc. Battery,11 af points
Olympus OM-D E-M1 Black Body Only,M-43,IBIS (In Body Stabilization),Micro 4/3,SDHC-SDXC,16.1 mp,CMOS,Full HD,EVF - Electronic OLED,,,,,
Canon HFG25 Video Camera,"1/3""",,,SDHC-SDXC,1080p,CMOS,AVCHD,,,,,565,
Nikon 1 AW1 w/ 11-27mm Lens,Other,,Nikon,SDHC-SDXC,14.2mp,CMOS,,LCD,Waterproof to 15mtr,,Inbuilt,,
Nikon D800 Body,Full Frame - FX,,Nikon,Dual CF/SD Card Slots,36.3mp,CMOS,Full HD,Pentaprism,,,,900g,
Nikon D5300 Black w/ 18-55mm VR Lens,DX -23.5 × 15.6mm,,Nikon,SDHC-SDXC,24.2mp,CMOS,,Penta-Mirror,,,Inbuilt,,
Nikon D5200 Black w/ 18-55mm VR Lens,DX -23.5 × 15.6mm,,Nikon,SDHC-SDXC,24.1mp,CMOS,,Penta-Mirror,,,Inbuilt,,
Sony α A99 Body,Full Frame - FX,,Sony A,"Memory Stick PRO Duo, Memory Stick PRO-HG Duo, Memory Stick XC-HG Duo, SD memory card, SDHC memory card, SDXC memory card",24.3 mp,CMOS,AVCHD,High Res XGA OLED Tru-Finder,Translucent Mirror Technology,,Hot Shoe Accessory,,
Olympus OM-D E-M5 Black Twin Kens Kit,M-43,IBIS (In Body Stabilization),Micro 4/3,SDHC-SDXC,16.1 mp,CMOS,Full HD,EVF - Electronic OLED,,,,,
Canon IXUS 255 HS Digital Compact Camera,,Intelligent IS,,SDHC-SDXC,12mp,CMOS,HD 720,LCD,Wi-Fi,10x Optical,Inbuilt,,
Nikon D3200 Black Twin Lens Kit B,DX -23.5 × 15.6mm,,Nikon,SDHC-SDXC,24.2mp,CMOS,,Penta-Mirror,,,Inbuilt,,
Nikon D7100 w/ 18-105mm VR ED Lens,DX -23.5 × 15.6mm,Nikon VR Lens Stabilization,Nikon,SDHC-SDXC,24.1mp,CMOS,Full HD 1080p,Pentaprism,,,Inbuilt,,
Olympus OM-D E-M5 Silver Weatherproof Kit,M-43,,Micro 4/3,SDHC-SDXC,,CMOS,,,,,,,
Olympus OM-D E-M5 Black w/14-42 IIR Lens,M-43,IBIS (In Body Stabilization),Micro 4/3,SDHC-SDXC,16.1 mp,CMOS,Full HD,EVF - Electronic OLED,,,,,
Nikon D7000 w/ 18-105mm VR ED Lens,DX -23.5 × 15.6mm,Nikon VR Lens Stabilization,Nikon,SDHC-SDXC,16.2mp,CMOS,Full HD,,,,Inbuilt,,
Nikon Coolpix A Digital Compact Camera,DX -23.5 × 15.6mm,,,SDHC-SDXC,16.2mp,CMOS,1080p,LCD,Large DX Sensor,28mm (equiv.) Prime Nikkor Lens,Inbuilt,,
Canon EOS 7D Premium Kit,Full Frame - FX,,Canon EF,Compact Flash,18mp,CMOS,ALL-I H264 .MOV,,,,,,
Nikon D3200 Black w/ 18-55mm VR Lens,DX -23.5 × 15.6mm,,Nikon,SDHC-SDXC,24.2mp,CMOS,,Penta-Mirror,,,Inbuilt,,
Nikon D5200 Body,DX -23.5 × 15.6mm,,Nikon,SDHC-SDXC,24.1mp,CMOS,,Penta-Mirror,,,Inbuilt,,
Nikon D4s Body Only,Full Frame - FX,,Nikon,DUAL - Compact Flash and XQD,16.2mp,CMOS,Full HD,Pentaprism,,,,1180g,
Olympus Stylus 1 Digital Compact Camera,,,,SDHC-SDXC,12mp,CMOS,,,,10x Optical Constant F/2.8 Aperture,Inbuilt,,
Canon EOS 70D Body Only Digital SLR Camera,APS-C,Lens Specific,Canon EF-S,SDHC-SDXC,20.2mp,CMOS,Full HD,Pentaprism,"Dual Pixel CMOS Sendor
WI-FI Enabled",,Inbuilt,,
Olympus XZ-10 Black Digital Compact Camera,,,,SDHC-SDXC,12mp,CMOS,,,,5x Optical,Inbuilt,,
Canon Powershot S200 Black Digital Compact Camera,,,,Compact Flash,10.1 mp,CCD,,LCD,,,Inbuilt,,
Sony Cybershot DSC-WX300 Digital Compact Camera,,,,SDHC-SDXC,18.2mp,CMOS,HD,,WI-Fi Enabled,20x Optical,Inbuilt,165g,
Nikon D800E Body Only,Full Frame - FX,,Nikon,Dual CF/SD Card Slots,36.3mp,CMOS,Full HD,Pentaprism,No Anti Aliasing Filter,,,900g,
Panasonic Lumix DMC-FZ200 Digital Compact Camera,,,,SDHC-SDXC,12.1mp,CMOS,,,Constant f2.8 aperture,24x Optical,Inbuilt,,
Olympus OM-D E-M1 Black PRO Kit,M-43,IBIS (In Body Stabilization),Micro 4/3,SDHC-SDXC,16.1 mp,CMOS,Full HD,EVF - Electronic OLED,,,,,
Olympus PEN E-P5 Silver Body,M-43,IBIS (In Body Stabilization),Micro 4/3,SDHC-SDXC,16.1 mp,CMOS,Full HD,LCD,WI-Fi Enabled,,,,
Olympus OM-D E-M10 Silver with 14-42mm EZ lens,M-43,IBIS (In Body Stabilization),Micro 4/3,SDHC-SDXC,16.1 mp,CMOS,Full HD,EVF - Electronic OLED,,,,,
Nikon D7100 w/ 18-140mm Lens,DX -23.5 × 15.6mm,,Nikon,SDHC-SDXC,24.1mp,CMOS,Full HD 1080p,Pentaprism,,,Inbuilt,,
Olympus PEN E-P5 Silver w/ 17mm f1.8 + VF-4 Viewfinder,M-43,IBIS (In Body Stabilization),Micro 4/3,SDHC-SDXC,16.1 mp,CMOS,Full HD,LCD,WI-Fi Enabled,,,,
Sony α A58 Twin Lens Kit,APS-C,,Sony A,"Memory Stick PRO Duo, Memory Stick PRO-HG Duo, Memory Stick XC-HG Duo, SD memory card, SDHC memory card, SDXC memory card",20 mp,CMOS,,EVF - Electronic OLED,,,Inbuilt,,
Olympus PEN E-P5 Black w/ 14-42mm II Lens,M-43,IBIS (In Body Stabilization),Micro 4/3,SDHC-SDXC,16.1 mp,CMOS,Full HD,LCD,WI-Fi Enabled,,,,
Canon EOS 5D Mk III Premium Kit,Full Frame - FX,,Canon EF,Dual CF/SD Card Slots,22.3mp,CMOS,ALL-I H264 .MOV,,,,,,
Canon EOS 100D w/ 18-55mm IS STM Lens,APS-C,,Canon EF-S,SDHC-SDXC,18mp,CMOS,MPEG4,,,,,,
Nikon Coolpix S6800 Digital Still Camera,,,,SDHC-SDXC,16mp,CMOS,,Electronic,,12x Optical,Inbuilt,,
Sony α A58 w/ 18-55mm Lens,APS-C,,Sony A,"Memory Stick PRO Duo, Memory Stick PRO-HG Duo, Memory Stick XC-HG Duo, SD memory card, SDHC memory card, SDXC memory card",20 mp,CMOS,,EVF - Electronic OLED,,,Inbuilt,,
Nikon Df DSLR  Body Only (Black),Full Frame - FX,,Nikon,Dual CF/SD Card Slots,36.3mp,CMOS,Full HD,Pentaprism,,,,900g,
Canon EOS 700D w/18-55mm IS STM Lens,APS-C,,Canon EF-S,SDHC-SDXC,18mp,CMOS,MPEG4,,,,,575g,
Canon EOS 600D w/ 18-55mm IS Lens,APS-C,,Canon EF-S,SDHC-SDXC,18mp,CMOS,,,,,,,
Canon PowerShot G1X Digital Compact Camera,"1.5""",Optical IS,,SDHC-SDXC,14.3mp,CMOS,Full HD,Optical,Large Image Sensor,4x Optical Zoom,Inbuilt,,
Olympus PEN E-P5 Silver w/ 14-42mm II Lens,M-43,IBIS (In Body Stabilization),Micro 4/3,SDHC-SDXC,16.1 mp,CMOS,Full HD,LCD,WI-Fi Enabled,,,,
Nikon Df DSLR  with AF-S 50mm F/1.8g  (Silver),Full Frame - FX,,Nikon,Dual CF/SD Card Slots,36.3mp,CMOS,Full HD,Pentaprism,,,,900g,
Nikon D7100 Body,DX -23.5 × 15.6mm,,Nikon,SDHC-SDXC,24.1mp,CMOS,Full HD 1080p,Pentaprism,,,Inbuilt,,
Sony Cybershot DSC-RX1R Digital Compact Camera,,,,SDHC-SDXC,24.3mp,CMOS,Full HD,,"Full Frame, NO AA filter",,Inbuilt,,
Sony DSC-HX300 Black Digital Compact Camera,,Optical Steady Shot,,SDHC-SDXC,20.4mp,CMOS,Full HD,,,50x,Inbuilt,,
Nikon D810 Body Only,Full Frame - FX,,Nikon,Dual CF/SD Card Slots,36.3mp,CMOS,Full HD,Pentaprism,No Anti Aliasing Filter,,,900g,
Canon EOS 600D Body,APS-C,,Canon EF-S,SDHC-SDXC,,CMOS,,,,,,,
Sony DSC-HX50 Black Digital Compact Camera,,,,SDHC-SDXC,20.4mp,CMOS,Full HD,,,30x,Inbuilt,,
Canon PowerShot SX510 HS Black Digital Compact Camera,,,,SDHC-SDXC,12mp,CMOS,,LCD,,30x Optical Zoom,Inbuilt,,
Sony Alpha A7R Body Only Compact System Camera,Full Frame - FX,,Sony E,Memory Stick PRO Duo / Memory Stick PRO-HG Duo/ SD memory card / SDHC memory card / SDXC memory card,36.4,CMOS,Full 1080p HD,EVF - Electronic OLED,Wi-Fi Enabled,,,,
Nikon D3200 w/ 18-105mm VR ED Lens,DX -23.5 × 15.6mm,,Nikon,SDHC-SDXC,24.2mp,CMOS,,Penta-Mirror,,,Inbuilt,,
Olympus TG-835 Digital Compact Camera,,,,SDHC-SDXC,16mp,CMOS,,,,5x Optical,,,
Olympus OM-D E-M10 Black with 14-42mm EZ & 40-150mm lenses.,M-43,IBIS (In Body Stabilization),Micro 4/3,SDHC-SDXC,16.1 mp,CMOS,Full HD,EVF - Electronic OLED,,,,,
Olympus TG-630 Digital Compact Camera,,,,SDHC-SDXC,12mp,CMOS,,LCD,,5x Optical,,480g,
Canon EOS 5D Mk III Body,Full Frame - FX,,Canon EF,Dual CF/SD Card Slots,22mp,CMOS,ALL-I H264 .MOV,,,,,860g,
Canon EOS 600D Twin IS Lens Kit,APS-C,,Canon EF-S,SDHC-SDXC,,CMOS,,,,,,,
Nikon Coolpix P600 Digital Still Camera,"1/2""",Nikon VR (Lens),,SDHC-SDXC,16.1mp,CMOS,,Electronic and vari-Angle LCD,Wi-Fi Enabled,60x Optical (120x Enhanced),Inbuilt,565gm,
Canon EOS 700D Twin IS Lens Kit,APS-C,,Canon EF-S,SDHC-SDXC,18mp,CMOS,MPEG4,,,,,575g,
Canon EOS 100D Twin Lens Kit,APS-C,,Canon EF-S,SDHC-SDXC,18mp,CMOS,MPEG4,,,,,,
Canon EOS 700D Body Only,APS-C,,Canon EF-S,SDHC-SDXC,18mp,CMOS,MPEG4,,,,,575g,
Sony α A99 w/ Carl Zeiss 24-70mm F2.8 Lens,Full Frame - FX,,Sony A,"Memory Stick PRO Duo, Memory Stick PRO-HG Duo, Memory Stick XC-HG Duo, SD memory card, SDHC memory card, SDXC memory card",24.3 mp,CMOS,AVCHD,High Res XGA OLED Tru-Finder,Translucent Mirror Technology,,Hot Shoe Accessory,,
Olympus OM-D E-M10 Black with 14-42mm EZ lens,M-43,IBIS (In Body Stabilization),Micro 4/3,SDHC-SDXC,16.1 mp,CMOS,Full HD,EVF - Electronic OLED,,,,,
Olympus PEN E-PL5 w/ 14-42mm II Lens,M-43,,Micro 4/3,SDHC-SDXC,16.1 mp,CMOS,Full HD,LCD,WI-Fi Enabled,,Bundled Clip On,,
Olympus Stylus SP-100 Black Digital Compact Camera,"1/2""",IS (Lens),,SDHC-SDXC,16mp,CMOS,,,,50x Optical,Inbuilt,,
Nikon D5200 Black w/ 18-105mm VR Lens,DX -23.5 × 15.6mm,,Nikon,SDHC-SDXC,24.1mp,CMOS,,Penta-Mirror,,,Inbuilt,,
Olympus OM-D E-M1 Black WP Kit,M-43,IBIS (In Body Stabilization),Micro 4/3,SDHC-SDXC,16.1 mp,CMOS,Full HD,EVF - Electronic OLED,,,,,
Canon EOS 1Dx Digital SLR Body Only,Full Frame - FX,IS (Lens),Canon EF,Dual CF,18.1mp,CMOS,ALL-I H264 .MOV,,,,,1530g exc battery,
Nikon Coolpix S9600 Digital Still Camera,,,,SDHC-SDXC,16mp,CMOS,,Electronic,,22x Optical,Inbuilt,,
Canon EOS 5D Mk III Pro Kit,Full Frame - FX,,Canon EF,Dual CF/SD Card Slots,22.3mp,CMOS,ALL-I H264 .MOV,,,,,,
Nikon V2 Black w/ 10-30mm F3.5-5.6 VR Lens,CX-13.2 mm x 8.8 mm,,Nikon 1,SDHC-SDXC,14.2mb,CMOS,1080p-30,Electronic,,,Integrated,,
Olympus OM-D E-M5 Silver Body,M-43,IBIS (In Body Stabilization),Micro 4/3,SDHC-SDXC,16.1 mp,CMOS,Full HD,EVF - Electronic OLED,,,,,
Nikon Coolpix P530 Digital Still Camera,"1/2""",Nikon VR (Lens),,SDHC-SDXC,16.1mp,CMOS,,Electronic,Wi-Fi Enabled,42x Optical,Inbuilt,494gm,
Nikon D5300 Black Digital SLR Body,DX -23.5 × 15.6mm,,Nikon,SDHC-SDXC,24.2mp,CMOS,,Penta-Mirror,Built in Wi-Fi,,Inbuilt,,
Canon EOS 70D Digital SLR Camera with STM 18-135mm Lens,APS-C,Lens Specific,Canon EF-S,SDHC-SDXC,20.2mp,CMOS,Full HD,Pentaprism,"Dual Pixel CMOS Sendor
WI-FI Enabled",,Inbuilt,,
Nikon D5300 Red - w/ 18-55mm VR Lens,DX -23.5 × 15.6mm,,Nikon,SDHC-SDXC,24.2mp,CMOS,,Penta-Mirror,"Expeed 4 Processor
Wi-Fi Enabled",,Inbuilt,,
Nikon D5200 Black Twin Lens Kit 18-55/55-300,DX -23.5 × 15.6mm,,Nikon,SDHC-SDXC,24.1mp,CMOS,,Penta-Mirror,,,Inbuilt,,
Sony α A77 Body,APS-C,,Sony A,"Memory Stick PRO Duo, Memory Stick PRO-HG Duo, Memory Stick XC-HG Duo, SD memory card, SDHC memory card, SDXC memory card",24.3 mp,CMOS,,EVF - Electronic OLED,,,Hot Shoe Accessory,,
Olympus OM-D E-M5 Black Body,M-43,IBIS (In Body Stabilization),Micro 4/3,SDHC-SDXC,16.1 mp,CMOS,Full HD,EVF - Electronic OLED,,,,,
Nikon Coolpix S9700 Digital Still Camera,"1/2""",Lens Shift & Electronic VR,,SDHC-SDXC,16mp,CMOS,,Electronic,,30x Optical,Inbuilt,,
Nikon Coolpix S3600 Digital Still Camera,,,,SDHC-SDXC,20mp,CMOS,,Electronic,,8x Optical,Inbuilt,,
Sony α A99  w/ 28-75mm F2.8 Lens,Full Frame - FX,,Sony A,"Memory Stick PRO Duo, Memory Stick PRO-HG Duo, Memory Stick XC-HG Duo, SD memory card, SDHC memory card, SDXC memory card",24.3 mp,CMOS,AVCHD,High Res XGA OLED Tru-Finder,Translucent Mirror Technology,,Hot Shoe Accessory,,
Olympus TG-830 Digital Compact Camera,,,,SDHC-SDXC,16mp,CMOS,,,,5x Optical,,,
Nikon Df DSLR  Body Only (Silver),Full Frame - FX,,Nikon,Dual CF/SD Card Slots,36.3mp,CMOS,Full HD,Pentaprism,,,,900g,
Sony α A77 w/ 16-50mm F2.8 Lens,APS-C,,Sony A,"Memory Stick PRO Duo, Memory Stick PRO-HG Duo, Memory Stick XC-HG Duo, SD memory card, SDHC memory card, SDXC memory card",24.3 mp,CMOS,,EVF - Electronic OLED,,,Inbuilt,,
Olympus PEN E-PM2 Twin Kit,M-43,,Micro 4/3,SDHC-SDXC,16.1 mp,CMOS,Full HD,LCD,WI-Fi Enabled,,Bundled Clip On,,
Canon EOS 700D Super Lens Kit,APS-C,,Canon EF-S,SDHC-SDXC,18mp,CMOS,MPEG4,,,,,575g Body Only,
Nikon D5200 Black Twin Lens Kit 18-55/55-200,DX -23.5 × 15.6mm,,Nikon,SDHC-SDXC,24.1mp,CMOS,,Penta-Mirror,,,Inbuilt,,
